#
# A fatal error has been detected by the Java Runtime Environment:
#
#  SIGSEGV (0xb) at pc=0x0000000107e3c604, pid=93216, tid=259
#
# JRE version: OpenJDK Runtime Environment Temurin-17.0.19+10 (17.0.19+10) (build 17.0.19+10)
# Java VM: OpenJDK 64-Bit Server VM Temurin-17.0.19+10 (17.0.19+10, mixed mode, emulated-client, sharing, tiered, compressed oops, compressed class ptrs, g1 gc, bsd-aarch64)
# Problematic frame:
# C  [libglass.dylib+0x4604]
#
# No core dump will be written. Core dumps have been disabled. To enable core dumping, try "ulimit -c unlimited" before starting Java again
#
# If you would like to submit a bug report, please visit:
#   https://github.com/adoptium/adoptium-support/issues
#

---------------  S U M M A R Y ------------

Command Line: -XX:TieredStopAtLevel=1 -Dfile.encoding=UTF-8 -Duser.country=MX -Duser.language=es -Duser.variant me.eliassanchezfernandez.puntodeventa.Launcher

Host: "MacBookAir10,1" arm64, 8 cores, 8G, Darwin 25.5.0, macOS 26.5.1 (25F80)
Time: Sat Jun  6 15:31:20 2026 CST elapsed time: 18.166464 seconds (0d 0h 0m 18s)

---------------  T H R E A D  ---------------

Current thread is native thread

Stack: [0x000000016c8f4000,0x000000016d0f0000],  sp=0x000000016d0e84b0,  free space=8145k
Native frames: (J=compiled Java code, j=interpreted, Vv=VM code, C=native code)
C  [libglass.dylib+0x4604]
C  [CoreFoundation+0x729bc]  __CFNOTIFICATIONCENTER_IS_CALLING_OUT_TO_AN_OBSERVER__+0x94
C  [CoreFoundation+0xff08c]  ___CFXRegistrationPost_block_invoke+0x5c
C  [CoreFoundation+0xfefd0]  _CFXRegistrationPost+0x1b8
C  [CoreFoundation+0x413d0]  _CFXNotificationPost+0x2e4
C  [Foundation+0x94a4]  -[NSNotificationCenter postNotificationName:object:userInfo:]+0x58
C  [AppKit+0x18a208]  -[NSWindow resignKeyWindow]+0x26c
C  [AppKit+0xd7c35c]  -[NSWindow _sendResignKeyWindow]+0x64
C  [AppKit+0xd7fec4]  -[NSWindow _orderOut:calculatingKeyWithOptions:documentWindow:]+0xe8
C  [AppKit+0x7a2d8]  NSPerformVisuallyAtomicChange+0x80
C  [AppKit+0xd81a44]  -[NSWindow _reallyDoOrderWindowOutRelativeTo:]+0x1e8
C  [AppKit+0xd81da8]  -[NSWindow _reallyDoOrderWindow:]+0x50
C  [AppKit+0xd824b8]  __27-[NSWindow _doOrderWindow:]_block_invoke+0x228
C  [AppKit+0x7a2d8]  NSPerformVisuallyAtomicChange+0x80
C  [AppKit+0xd8228c]  -[NSWindow _doOrderWindow:]+0x39c
C  [AppKit+0xd7cac0]  -[NSWindow _finishClosingWindow]+0x1bc
C  [AppKit+0x2b4ed0]  -[NSWindow _close]+0x17c
C  [libglass.dylib+0x18040]  Java_com_sun_glass_ui_mac_MacPasteboard__1getAllowedOperation+0x358
C  [Foundation+0x78adc]  __NSThreadPerformPerform+0x108
C  [CoreFoundation+0x7df30]  __CFRUNLOOP_IS_CALLING_OUT_TO_A_SOURCE0_PERFORM_FUNCTION__+0x1c
C  [CoreFoundation+0x7dec4]  __CFRunLoopDoSource0+0xac
C  [CoreFoundation+0x7dc94]  __CFRunLoopDoSources0+0x14c
C  [CoreFoundation+0x7c854]  __CFRunLoopRun+0x334
C  [CoreFoundation+0x14f1c4]  _CFRunLoopRunSpecificWithOptions+0x214
C  [libjli.dylib+0xd174]  CreateExecutionEnvironment+0x194
C  [libjli.dylib+0x91a0]  JLI_Launch+0x4d0
C  [java+0x3b9c]  main+0x198
C  [dyld+0x1fe00]  start+0x1b50


siginfo: si_signo: 11 (SIGSEGV), si_code: 2 (SEGV_ACCERR), si_addr: 0x0000000000000000

Registers:
 x0=0x0000000000000000  x1=0xffffffffb0000000  x2=0x0000000000000060  x3=0xfffff0007fc00000
 x4=0xfffffffffff8aae0  x5=0x0000000000000015  x6=0x000000000000000a  x7=0xfffff0007ffff800
 x8=0x0000000000000000  x9=0x00000000ffbff55f x10=0x0000000000000000 x11=0x0000000000000000
x12=0x0000900400400aa0 x13=0x0000800000400400 x14=0x0000000000000800 x15=0x00000000000000a2
x16=0x952d00095b536a00 x17=0x0000000008000400 x18=0x0000000000000000 x19=0x000000095ad3a9e0
x20=0x000000095b536a00 x21=0x0000000000000000 x22=0x0000000107e7e5a8 x23=0x000000095b536ae0
x24=0x0000000000000000 x25=0x0000000000041400 x26=0x0000004a0000005a x27=0x000000016d0e89b8
x28=0x0000000000000000  fp=0x000000016d0e8900  lr=0x0000000107e3c600  sp=0x000000016d0e84b0
pc=0x0000000107e3c604 cpsr=0x0000000000001000

Top of Stack: (sp=0x000000016d0e84b0)
0x000000016d0e84b0:   0000000107e6e3ad 0000000107e6e327
0x000000016d0e84c0:   0000000000000060 0000000107e3c5c4
0x000000016d0e84d0:   000000018e1c39bc 000000018e25008c
0x000000016d0e84e0:   000000018e24ffd0 000000018e1923d0
0x000000016d0e84f0:   000000018f9c74a4 000000019274d208
0x000000016d0e8500:   000000019333f35c 0000000193342ec4
0x000000016d0e8510:   000000019263d2d8 0000000193344a44
0x000000016d0e8520:   0000000193344da8 00000001933454b8
0x000000016d0e8530:   000000019263d2d8 000000019334528c
0x000000016d0e8540:   000000019333fac0 0000000192877ed0
0x000000016d0e8550:   0000000107e50040 000000018fa36adc
0x000000016d0e8560:   000000018e1cef30 000000018e1ceec4
0x000000016d0e8570:   000000018e1cec94 000000018e1cd854
0x000000016d0e8580:   000000018e2a01c4 0000000102d5d174
0x000000016d0e8590:   0000000102d591a0 0000000102d13b9c
0x000000016d0e85a0:   000000018dd53e00 0000000000000000
0x000000016d0e85b0:   0000000000000000 0000000000000000
0x000000016d0e85c0:   0000000000000000 0000000000000000
0x000000016d0e85d0:   0000000000000000 0000000000000000
0x000000016d0e85e0:   0000000000000000 0000000000000000
0x000000016d0e85f0:   0000000000000000 0000000000000000
0x000000016d0e8600:   0000000000000000 0000000000000000
0x000000016d0e8610:   0000000000000000 0000000000000000
0x000000016d0e8620:   0000000000000000 0000000000000000
0x000000016d0e8630:   0000000000000000 0000000000000000
0x000000016d0e8640:   0000000000000000 0000000000000000
0x000000016d0e8650:   0000000000000000 0000000000000000
0x000000016d0e8660:   00000009582df920 00000009578192c0
0x000000016d0e8670:   000000016d0e86a0 000000018e1589bc
0x000000016d0e8680:   0000000000000000 0000000000000000
0x000000016d0e8690:   0000000000000015 000000095c11d800
0x000000016d0e86a0:   00000009578299d8 00000001fa291f60 

Instructions: (pc=0x0000000107e3c604)
0x0000000107e3c504:   1f 20 03 d5 82 09 21 58 e0 03 14 aa 00 01 3f d6
0x0000000107e3c514:   a8 83 5c f8 1f 20 03 d5 a9 df 1b 58 29 01 40 f9
0x0000000107e3c524:   3f 01 08 eb 80 f8 ff 54 79 9d 00 94 f8 5f bc a9
0x0000000107e3c534:   f6 57 01 a9 f4 4f 02 a9 fd 7b 03 a9 fd c3 00 91
0x0000000107e3c544:   ff 83 10 d1 1f 20 03 d5 28 de 1b 58 08 01 40 f9
0x0000000107e3c554:   a8 83 1c f8 1f 20 03 d5 1f 20 03 d5 88 ad 20 98
0x0000000107e3c564:   08 68 68 f8 68 06 00 b5 f3 03 00 aa 74 a2 00 94
0x0000000107e3c574:   b6 01 21 10 1f 20 03 d5 c0 02 40 f9 20 04 00 b5
0x0000000107e3c584:   1f 20 03 d5 88 dc 1b 58 00 01 40 f9 0a 0c 80 52
0x0000000107e3c594:   88 ec 18 70 1f 20 03 d5 89 f0 18 30 1f 20 03 d5
0x0000000107e3c5a4:   e8 ab 00 a9 e9 03 00 f9 c1 e7 18 50 1f 20 03 d5
0x0000000107e3c5b4:   84 9d 00 94 e0 63 00 91 01 10 80 52 60 9d 00 94
0x0000000107e3c5c4:   f5 03 00 aa e0 63 00 91 e1 03 15 aa 5f 9d 00 94
0x0000000107e3c5d4:   f4 03 00 aa bf 06 00 71 eb 00 00 54 f5 03 15 2a
0x0000000107e3c5e4:   f7 03 14 aa e0 86 40 f8 57 9e 00 94 b5 06 00 f1
0x0000000107e3c5f4:   a1 ff ff 54 e0 03 14 aa 78 9d 00 94 c0 02 40 f9
0x0000000107e3c604:   08 00 40 f9 08 f5 40 f9 1f 20 03 d5 1f 20 03 d5
0x0000000107e3c614:   29 a7 20 98 61 6a 69 f8 1f 20 03 d5 1f 20 03 d5
0x0000000107e3c624:   22 00 21 58 a9 43 80 52 e9 03 00 f9 00 01 3f d6
0x0000000107e3c634:   a8 83 5c f8 1f 20 03 d5 a9 d6 1b 58 29 01 40 f9
0x0000000107e3c644:   3f 01 08 eb e1 00 00 54 ff 83 10 91 fd 7b 43 a9
0x0000000107e3c654:   f4 4f 42 a9 f6 57 41 a9 f8 5f c4 a8 c0 03 5f d6
0x0000000107e3c664:   2b 9d 00 94 f6 57 bd a9 f4 4f 01 a9 fd 7b 02 a9
0x0000000107e3c674:   fd 83 00 91 f3 03 00 aa 1f 20 03 d5 1f 20 03 d5
0x0000000107e3c684:   d4 a3 20 98 00 68 74 f8 65 aa 00 94 a0 00 00 b4
0x0000000107e3c694:   60 6a 74 f8 62 aa 00 94 62 6a 74 f8 48 ab 00 94
0x0000000107e3c6a4:   60 6a 74 f8 d6 a3 00 94 f4 03 00 aa 44 a4 00 94
0x0000000107e3c6b4:   60 01 00 b4 15 00 80 d2 e0 03 14 aa e2 03 15 aa
0x0000000107e3c6c4:   07 aa 00 94 e6 a3 00 94 b5 06 00 91 e0 03 14 aa
0x0000000107e3c6d4:   3b a4 00 94 bf 02 00 eb 03 ff ff 54 1f 20 03 d5
0x0000000107e3c6e4:   1f 20 03 d5 00 f6 20 58 c0 01 00 b4 08 00 40 f9
0x0000000107e3c6f4:   03 f5 40 f9 1f 20 03 d5 1f 20 03 d5 c8 9f 20 98 



---------------  P R O C E S S  ---------------

VM state: not at safepoint (normal execution)

VM Mutex/Monitor currently owned by a thread: None

Heap address: 0x000000052a800000, size: 2048 MB, Compressed Oops mode: Zero based, Oop shift amount: 3

CDS archive(s) mapped at: [0x0000000600000000-0x0000000600bc0000-0x0000000600bc0000), size 12320768, SharedBaseAddress: 0x0000000600000000, ArchiveRelocationMode: 1.
Compressed class space mapped at: 0x0000000601000000-0x0000000641000000, reserved size: 1073741824
Narrow klass base: 0x0000000600000000, Narrow klass shift: 0, Narrow klass range: 0x100000000

GC Precious Log:
<Skipped>

Heap:
 garbage-first heap   total 160768K, used 74891K [0x000000052a800000, 0x00000005aa800000)
  region size 1024K, 16 young (16384K), 1 survivors (1024K)
 Metaspace       used 68919K, committed 69440K, reserved 1114112K
  class space    used 10881K, committed 11136K, reserved 1048576K

Heap Regions: E=young(eden), S=young(survivor), O=old, HS=humongous(starts), HC=humongous(continues), CS=collection set, F=free, OA=open archive, CA=closed archive, TAMS=top-at-mark-start (previous, next)
|   0|0x000000052a800000, 0x000000052a900000, 0x000000052a900000|100%|HS|  |TAMS 0x000000052a900000, 0x000000052a900000| Complete 
|   1|0x000000052a900000, 0x000000052aa00000, 0x000000052aa00000|100%| O|  |TAMS 0x000000052aa00000, 0x000000052aa00000| Untracked 
|   2|0x000000052aa00000, 0x000000052ab00000, 0x000000052ab00000|100%| O|  |TAMS 0x000000052ab00000, 0x000000052ab00000| Untracked 
|   3|0x000000052ab00000, 0x000000052ac00000, 0x000000052ac00000|100%| O|  |TAMS 0x000000052ac00000, 0x000000052ac00000| Untracked 
|   4|0x000000052ac00000, 0x000000052ad00000, 0x000000052ad00000|100%| O|  |TAMS 0x000000052ad00000, 0x000000052ad00000| Untracked 
|   5|0x000000052ad00000, 0x000000052ae00000, 0x000000052ae00000|100%| O|  |TAMS 0x000000052ae00000, 0x000000052ae00000| Untracked 
|   6|0x000000052ae00000, 0x000000052af00000, 0x000000052af00000|100%| O|  |TAMS 0x000000052af00000, 0x000000052af00000| Untracked 
|   7|0x000000052af00000, 0x000000052b000000, 0x000000052b000000|100%| O|  |TAMS 0x000000052b000000, 0x000000052b000000| Untracked 
|   8|0x000000052b000000, 0x000000052b100000, 0x000000052b100000|100%| O|  |TAMS 0x000000052b100000, 0x000000052b100000| Untracked 
|   9|0x000000052b100000, 0x000000052b200000, 0x000000052b200000|100%| O|  |TAMS 0x000000052b200000, 0x000000052b200000| Untracked 
|  10|0x000000052b200000, 0x000000052b300000, 0x000000052b300000|100%| O|  |TAMS 0x000000052b300000, 0x000000052b300000| Untracked 
|  11|0x000000052b300000, 0x000000052b400000, 0x000000052b400000|100%| O|  |TAMS 0x000000052b400000, 0x000000052b400000| Untracked 
|  12|0x000000052b400000, 0x000000052b500000, 0x000000052b500000|100%| O|  |TAMS 0x000000052b500000, 0x000000052b500000| Untracked 
|  13|0x000000052b500000, 0x000000052b600000, 0x000000052b600000|100%| O|  |TAMS 0x000000052b600000, 0x000000052b600000| Untracked 
|  14|0x000000052b600000, 0x000000052b700000, 0x000000052b700000|100%| O|  |TAMS 0x000000052b700000, 0x000000052b700000| Untracked 
|  15|0x000000052b700000, 0x000000052b800000, 0x000000052b800000|100%| O|  |TAMS 0x000000052b800000, 0x000000052b800000| Untracked 
|  16|0x000000052b800000, 0x000000052b900000, 0x000000052b900000|100%| O|  |TAMS 0x000000052b8b5000, 0x000000052b900000| Untracked 
|  17|0x000000052b900000, 0x000000052b993400, 0x000000052ba00000| 57%| O|  |TAMS 0x000000052b900000, 0x000000052b993400| Untracked 
|  18|0x000000052ba00000, 0x000000052bb00000, 0x000000052bb00000|100%| O|  |TAMS 0x000000052bb00000, 0x000000052bb00000| Untracked 
|  19|0x000000052bb00000, 0x000000052bc00000, 0x000000052bc00000|100%| O|  |TAMS 0x000000052bc00000, 0x000000052bc00000| Untracked 
|  20|0x000000052bc00000, 0x000000052bd00000, 0x000000052bd00000|100%| O|  |TAMS 0x000000052bd00000, 0x000000052bd00000| Untracked 
|  21|0x000000052bd00000, 0x000000052be00000, 0x000000052be00000|100%| O|  |TAMS 0x000000052be00000, 0x000000052be00000| Untracked 
|  22|0x000000052be00000, 0x000000052bf00000, 0x000000052bf00000|100%| O|  |TAMS 0x000000052bf00000, 0x000000052bf00000| Untracked 
|  23|0x000000052bf00000, 0x000000052c000000, 0x000000052c000000|100%|HS|  |TAMS 0x000000052bf00000, 0x000000052bf00000| Complete 
|  24|0x000000052c000000, 0x000000052c100000, 0x000000052c100000|100%|HC|  |TAMS 0x000000052c000000, 0x000000052c000000| Complete 
|  25|0x000000052c100000, 0x000000052c200000, 0x000000052c200000|100%| O|  |TAMS 0x000000052c100000, 0x000000052c200000| Untracked 
|  26|0x000000052c200000, 0x000000052c300000, 0x000000052c300000|100%| O|  |TAMS 0x000000052c200000, 0x000000052c300000| Untracked 
|  27|0x000000052c300000, 0x000000052c400000, 0x000000052c400000|100%| O|  |TAMS 0x000000052c300000, 0x000000052c400000| Untracked 
|  28|0x000000052c400000, 0x000000052c500000, 0x000000052c500000|100%| O|  |TAMS 0x000000052c400000, 0x000000052c500000| Untracked 
|  29|0x000000052c500000, 0x000000052c600000, 0x000000052c600000|100%|HS|  |TAMS 0x000000052c500000, 0x000000052c500000| Complete 
|  30|0x000000052c600000, 0x000000052c700000, 0x000000052c700000|100%|HC|  |TAMS 0x000000052c600000, 0x000000052c600000| Complete 
|  31|0x000000052c700000, 0x000000052c800000, 0x000000052c800000|100%|HS|  |TAMS 0x000000052c700000, 0x000000052c700000| Complete 
|  32|0x000000052c800000, 0x000000052c900000, 0x000000052c900000|100%|HC|  |TAMS 0x000000052c800000, 0x000000052c800000| Complete 
|  33|0x000000052c900000, 0x000000052ca00000, 0x000000052ca00000|100%|HS|  |TAMS 0x000000052c900000, 0x000000052c900000| Complete 
|  34|0x000000052ca00000, 0x000000052cb00000, 0x000000052cb00000|100%|HC|  |TAMS 0x000000052ca00000, 0x000000052ca00000| Complete 
|  35|0x000000052cb00000, 0x000000052cc00000, 0x000000052cc00000|100%| O|  |TAMS 0x000000052cb00000, 0x000000052cc00000| Untracked 
|  36|0x000000052cc00000, 0x000000052cd00000, 0x000000052cd00000|100%|HS|  |TAMS 0x000000052cc00000, 0x000000052cc00000| Complete 
|  37|0x000000052cd00000, 0x000000052ce00000, 0x000000052ce00000|100%|HC|  |TAMS 0x000000052cd00000, 0x000000052cd00000| Complete 
|  38|0x000000052ce00000, 0x000000052cf00000, 0x000000052cf00000|100%| O|  |TAMS 0x000000052ce00000, 0x000000052cf00000| Untracked 
|  39|0x000000052cf00000, 0x000000052d000000, 0x000000052d000000|100%| O|  |TAMS 0x000000052cf00000, 0x000000052d000000| Untracked 
|  40|0x000000052d000000, 0x000000052d100000, 0x000000052d100000|100%| O|  |TAMS 0x000000052d000000, 0x000000052d100000| Untracked 
|  41|0x000000052d100000, 0x000000052d200000, 0x000000052d200000|100%| O|  |TAMS 0x000000052d100000, 0x000000052d200000| Untracked 
|  42|0x000000052d200000, 0x000000052d300000, 0x000000052d300000|100%| O|  |TAMS 0x000000052d200000, 0x000000052d300000| Untracked 
|  43|0x000000052d300000, 0x000000052d400000, 0x000000052d400000|100%| O|  |TAMS 0x000000052d300000, 0x000000052d400000| Untracked 
|  44|0x000000052d400000, 0x000000052d500000, 0x000000052d500000|100%| O|  |TAMS 0x000000052d400000, 0x000000052d500000| Untracked 
|  45|0x000000052d500000, 0x000000052d600000, 0x000000052d600000|100%|HS|  |TAMS 0x000000052d500000, 0x000000052d500000| Complete 
|  46|0x000000052d600000, 0x000000052d700000, 0x000000052d700000|100%|HC|  |TAMS 0x000000052d600000, 0x000000052d600000| Complete 
|  47|0x000000052d700000, 0x000000052d800000, 0x000000052d800000|100%|HS|  |TAMS 0x000000052d700000, 0x000000052d700000| Complete 
|  48|0x000000052d800000, 0x000000052d900000, 0x000000052d900000|100%|HC|  |TAMS 0x000000052d800000, 0x000000052d800000| Complete 
|  49|0x000000052d900000, 0x000000052da00000, 0x000000052da00000|100%|HC|  |TAMS 0x000000052d900000, 0x000000052d900000| Complete 
|  50|0x000000052da00000, 0x000000052da00000, 0x000000052db00000|  0%| F|  |TAMS 0x000000052da00000, 0x000000052da00000| Untracked 
|  51|0x000000052db00000, 0x000000052db00000, 0x000000052dc00000|  0%| F|  |TAMS 0x000000052db00000, 0x000000052db00000| Untracked 
|  52|0x000000052dc00000, 0x000000052dc00000, 0x000000052dd00000|  0%| F|  |TAMS 0x000000052dc00000, 0x000000052dc00000| Untracked 
|  53|0x000000052dd00000, 0x000000052dd00000, 0x000000052de00000|  0%| F|  |TAMS 0x000000052dd00000, 0x000000052dd00000| Untracked 
|  54|0x000000052de00000, 0x000000052df00000, 0x000000052df00000|100%| O|  |TAMS 0x000000052de00000, 0x000000052df00000| Untracked 
|  55|0x000000052df00000, 0x000000052e000000, 0x000000052e000000|100%| O|  |TAMS 0x000000052df00000, 0x000000052e000000| Untracked 
|  56|0x000000052e000000, 0x000000052e100000, 0x000000052e100000|100%| O|  |TAMS 0x000000052e000000, 0x000000052e100000| Untracked 
|  57|0x000000052e100000, 0x000000052e200000, 0x000000052e200000|100%| O|  |TAMS 0x000000052e100000, 0x000000052e200000| Untracked 
|  58|0x000000052e200000, 0x000000052e300000, 0x000000052e300000|100%| O|  |TAMS 0x000000052e200000, 0x000000052e300000| Untracked 
|  59|0x000000052e300000, 0x000000052e400000, 0x000000052e400000|100%| O|  |TAMS 0x000000052e300000, 0x000000052e400000| Untracked 
|  60|0x000000052e400000, 0x000000052e500000, 0x000000052e500000|100%| O|  |TAMS 0x000000052e400000, 0x000000052e500000| Untracked 
|  61|0x000000052e500000, 0x000000052e600000, 0x000000052e600000|100%| O|  |TAMS 0x000000052e500000, 0x000000052e600000| Untracked 
|  62|0x000000052e600000, 0x000000052e600000, 0x000000052e700000|  0%| F|  |TAMS 0x000000052e600000, 0x000000052e600000| Untracked 
|  63|0x000000052e700000, 0x000000052e700000, 0x000000052e800000|  0%| F|  |TAMS 0x000000052e700000, 0x000000052e700000| Untracked 
|  64|0x000000052e800000, 0x000000052e800000, 0x000000052e900000|  0%| F|  |TAMS 0x000000052e800000, 0x000000052e800000| Untracked 
|  65|0x000000052e900000, 0x000000052e900000, 0x000000052ea00000|  0%| F|  |TAMS 0x000000052e900000, 0x000000052e900000| Untracked 
|  66|0x000000052ea00000, 0x000000052ea00000, 0x000000052eb00000|  0%| F|  |TAMS 0x000000052ea00000, 0x000000052ea00000| Untracked 
|  67|0x000000052eb00000, 0x000000052eb00000, 0x000000052ec00000|  0%| F|  |TAMS 0x000000052eb00000, 0x000000052eb00000| Untracked 
|  68|0x000000052ec00000, 0x000000052ec00000, 0x000000052ed00000|  0%| F|  |TAMS 0x000000052ec00000, 0x000000052ec00000| Untracked 
|  69|0x000000052ed00000, 0x000000052ed00000, 0x000000052ee00000|  0%| F|  |TAMS 0x000000052ed00000, 0x000000052ed00000| Untracked 
|  70|0x000000052ee00000, 0x000000052ee00000, 0x000000052ef00000|  0%| F|  |TAMS 0x000000052ee00000, 0x000000052ee00000| Untracked 
|  71|0x000000052ef00000, 0x000000052ef00000, 0x000000052f000000|  0%| F|  |TAMS 0x000000052ef00000, 0x000000052ef00000| Untracked 
|  72|0x000000052f000000, 0x000000052f000000, 0x000000052f100000|  0%| F|  |TAMS 0x000000052f000000, 0x000000052f000000| Untracked 
|  73|0x000000052f100000, 0x000000052f100000, 0x000000052f200000|  0%| F|  |TAMS 0x000000052f100000, 0x000000052f100000| Untracked 
|  74|0x000000052f200000, 0x000000052f200000, 0x000000052f300000|  0%| F|  |TAMS 0x000000052f200000, 0x000000052f200000| Untracked 
|  75|0x000000052f300000, 0x000000052f300000, 0x000000052f400000|  0%| F|  |TAMS 0x000000052f300000, 0x000000052f300000| Untracked 
|  76|0x000000052f400000, 0x000000052f400000, 0x000000052f500000|  0%| F|  |TAMS 0x000000052f400000, 0x000000052f400000| Untracked 
|  77|0x000000052f500000, 0x000000052f500000, 0x000000052f600000|  0%| F|  |TAMS 0x000000052f500000, 0x000000052f500000| Untracked 
|  78|0x000000052f600000, 0x000000052f600000, 0x000000052f700000|  0%| F|  |TAMS 0x000000052f600000, 0x000000052f600000| Untracked 
|  79|0x000000052f700000, 0x000000052f700000, 0x000000052f800000|  0%| F|  |TAMS 0x000000052f700000, 0x000000052f700000| Untracked 
|  80|0x000000052f800000, 0x000000052f800000, 0x000000052f900000|  0%| F|  |TAMS 0x000000052f800000, 0x000000052f800000| Untracked 
|  81|0x000000052f900000, 0x000000052f900000, 0x000000052fa00000|  0%| F|  |TAMS 0x000000052f900000, 0x000000052f900000| Untracked 
|  82|0x000000052fa00000, 0x000000052fa00000, 0x000000052fb00000|  0%| F|  |TAMS 0x000000052fa00000, 0x000000052fa00000| Untracked 
|  83|0x000000052fb00000, 0x000000052fb00000, 0x000000052fc00000|  0%| F|  |TAMS 0x000000052fb00000, 0x000000052fb00000| Untracked 
|  84|0x000000052fc00000, 0x000000052fc00000, 0x000000052fd00000|  0%| F|  |TAMS 0x000000052fc00000, 0x000000052fc00000| Untracked 
|  85|0x000000052fd00000, 0x000000052fd00000, 0x000000052fe00000|  0%| F|  |TAMS 0x000000052fd00000, 0x000000052fd00000| Untracked 
|  86|0x000000052fe00000, 0x000000052fe00000, 0x000000052ff00000|  0%| F|  |TAMS 0x000000052fe00000, 0x000000052fe00000| Untracked 
|  87|0x000000052ff00000, 0x000000052ff00000, 0x0000000530000000|  0%| F|  |TAMS 0x000000052ff00000, 0x000000052ff00000| Untracked 
|  88|0x0000000530000000, 0x0000000530000000, 0x0000000530100000|  0%| F|  |TAMS 0x0000000530000000, 0x0000000530000000| Untracked 
|  89|0x0000000530100000, 0x0000000530100000, 0x0000000530200000|  0%| F|  |TAMS 0x0000000530100000, 0x0000000530100000| Untracked 
|  90|0x0000000530200000, 0x0000000530200000, 0x0000000530300000|  0%| F|  |TAMS 0x0000000530200000, 0x0000000530200000| Untracked 
|  91|0x0000000530300000, 0x0000000530300000, 0x0000000530400000|  0%| F|  |TAMS 0x0000000530300000, 0x0000000530300000| Untracked 
|  92|0x0000000530400000, 0x0000000530400000, 0x0000000530500000|  0%| F|  |TAMS 0x0000000530400000, 0x0000000530400000| Untracked 
|  93|0x0000000530500000, 0x0000000530500000, 0x0000000530600000|  0%| F|  |TAMS 0x0000000530500000, 0x0000000530500000| Untracked 
|  94|0x0000000530600000, 0x0000000530600000, 0x0000000530700000|  0%| F|  |TAMS 0x0000000530600000, 0x0000000530600000| Untracked 
|  95|0x0000000530700000, 0x0000000530700000, 0x0000000530800000|  0%| F|  |TAMS 0x0000000530700000, 0x0000000530700000| Untracked 
|  96|0x0000000530800000, 0x0000000530800000, 0x0000000530900000|  0%| F|  |TAMS 0x0000000530800000, 0x0000000530800000| Untracked 
|  97|0x0000000530900000, 0x0000000530900000, 0x0000000530a00000|  0%| F|  |TAMS 0x0000000530900000, 0x0000000530900000| Untracked 
|  98|0x0000000530a00000, 0x0000000530a00000, 0x0000000530b00000|  0%| F|  |TAMS 0x0000000530a00000, 0x0000000530a00000| Untracked 
|  99|0x0000000530b00000, 0x0000000530b00000, 0x0000000530c00000|  0%| F|  |TAMS 0x0000000530b00000, 0x0000000530b00000| Untracked 
| 100|0x0000000530c00000, 0x0000000530c00000, 0x0000000530d00000|  0%| F|  |TAMS 0x0000000530c00000, 0x0000000530c00000| Untracked 
| 101|0x0000000530d00000, 0x0000000530d00000, 0x0000000530e00000|  0%| F|  |TAMS 0x0000000530d00000, 0x0000000530d00000| Untracked 
| 102|0x0000000530e00000, 0x0000000530e00000, 0x0000000530f00000|  0%| F|  |TAMS 0x0000000530e00000, 0x0000000530e00000| Untracked 
| 103|0x0000000530f00000, 0x0000000530f00000, 0x0000000531000000|  0%| F|  |TAMS 0x0000000530f00000, 0x0000000530f00000| Untracked 
| 104|0x0000000531000000, 0x0000000531000000, 0x0000000531100000|  0%| F|  |TAMS 0x0000000531000000, 0x0000000531000000| Untracked 
| 105|0x0000000531100000, 0x0000000531100000, 0x0000000531200000|  0%| F|  |TAMS 0x0000000531100000, 0x0000000531100000| Untracked 
| 106|0x0000000531200000, 0x0000000531200000, 0x0000000531300000|  0%| F|  |TAMS 0x0000000531200000, 0x0000000531200000| Untracked 
| 107|0x0000000531300000, 0x0000000531300000, 0x0000000531400000|  0%| F|  |TAMS 0x0000000531300000, 0x0000000531300000| Untracked 
| 108|0x0000000531400000, 0x0000000531400000, 0x0000000531500000|  0%| F|  |TAMS 0x0000000531400000, 0x0000000531400000| Untracked 
| 109|0x0000000531500000, 0x0000000531500000, 0x0000000531600000|  0%| F|  |TAMS 0x0000000531500000, 0x0000000531500000| Untracked 
| 110|0x0000000531600000, 0x0000000531600000, 0x0000000531700000|  0%| F|  |TAMS 0x0000000531600000, 0x0000000531600000| Untracked 
| 111|0x0000000531700000, 0x0000000531700000, 0x0000000531800000|  0%| F|  |TAMS 0x0000000531700000, 0x0000000531700000| Untracked 
| 112|0x0000000531800000, 0x0000000531800000, 0x0000000531900000|  0%| F|  |TAMS 0x0000000531800000, 0x0000000531800000| Untracked 
| 113|0x0000000531900000, 0x0000000531900000, 0x0000000531a00000|  0%| F|  |TAMS 0x0000000531900000, 0x0000000531900000| Untracked 
| 114|0x0000000531a00000, 0x0000000531a00000, 0x0000000531b00000|  0%| F|  |TAMS 0x0000000531a00000, 0x0000000531a00000| Untracked 
| 115|0x0000000531b00000, 0x0000000531b00000, 0x0000000531c00000|  0%| F|  |TAMS 0x0000000531b00000, 0x0000000531b00000| Untracked 
| 116|0x0000000531c00000, 0x0000000531c00000, 0x0000000531d00000|  0%| F|  |TAMS 0x0000000531c00000, 0x0000000531c00000| Untracked 
| 117|0x0000000531d00000, 0x0000000531d00000, 0x0000000531e00000|  0%| F|  |TAMS 0x0000000531d00000, 0x0000000531d00000| Untracked 
| 118|0x0000000531e00000, 0x0000000531e00000, 0x0000000531f00000|  0%| F|  |TAMS 0x0000000531e00000, 0x0000000531e00000| Untracked 
| 119|0x0000000531f00000, 0x0000000531f00000, 0x0000000532000000|  0%| F|  |TAMS 0x0000000531f00000, 0x0000000531f00000| Untracked 
| 120|0x0000000532000000, 0x0000000532000000, 0x0000000532100000|  0%| F|  |TAMS 0x0000000532000000, 0x0000000532000000| Untracked 
| 121|0x0000000532100000, 0x0000000532100000, 0x0000000532200000|  0%| F|  |TAMS 0x0000000532100000, 0x0000000532100000| Untracked 
| 122|0x0000000532200000, 0x0000000532200000, 0x0000000532300000|  0%| F|  |TAMS 0x0000000532200000, 0x0000000532200000| Untracked 
| 123|0x0000000532300000, 0x0000000532300000, 0x0000000532400000|  0%| F|  |TAMS 0x0000000532300000, 0x0000000532300000| Untracked 
| 124|0x0000000532400000, 0x0000000532400000, 0x0000000532500000|  0%| F|  |TAMS 0x0000000532400000, 0x0000000532400000| Untracked 
| 125|0x0000000532500000, 0x0000000532500000, 0x0000000532600000|  0%| F|  |TAMS 0x0000000532500000, 0x0000000532500000| Untracked 
| 126|0x0000000532600000, 0x0000000532600000, 0x0000000532700000|  0%| F|  |TAMS 0x0000000532600000, 0x0000000532600000| Untracked 
| 127|0x0000000532700000, 0x0000000532700000, 0x0000000532800000|  0%| F|  |TAMS 0x0000000532700000, 0x0000000532700000| Untracked 
| 128|0x0000000532800000, 0x0000000532800000, 0x0000000532900000|  0%| F|  |TAMS 0x0000000532800000, 0x0000000532800000| Untracked 
| 129|0x0000000532900000, 0x0000000532900000, 0x0000000532a00000|  0%| F|  |TAMS 0x0000000532900000, 0x0000000532900000| Untracked 
| 130|0x0000000532a00000, 0x0000000532a00000, 0x0000000532b00000|  0%| F|  |TAMS 0x0000000532a00000, 0x0000000532a00000| Untracked 
| 131|0x0000000532b00000, 0x0000000532b00000, 0x0000000532c00000|  0%| F|  |TAMS 0x0000000532b00000, 0x0000000532b00000| Untracked 
| 132|0x0000000532c00000, 0x0000000532c00000, 0x0000000532d00000|  0%| F|  |TAMS 0x0000000532c00000, 0x0000000532c00000| Untracked 
| 133|0x0000000532d00000, 0x0000000532d00000, 0x0000000532e00000|  0%| F|  |TAMS 0x0000000532d00000, 0x0000000532d00000| Untracked 
| 134|0x0000000532e00000, 0x0000000532e00000, 0x0000000532f00000|  0%| F|  |TAMS 0x0000000532e00000, 0x0000000532e00000| Untracked 
| 135|0x0000000532f00000, 0x0000000532f00000, 0x0000000533000000|  0%| F|  |TAMS 0x0000000532f00000, 0x0000000532f00000| Untracked 
| 136|0x0000000533000000, 0x0000000533000000, 0x0000000533100000|  0%| F|  |TAMS 0x0000000533000000, 0x0000000533000000| Untracked 
| 137|0x0000000533100000, 0x0000000533100000, 0x0000000533200000|  0%| F|  |TAMS 0x0000000533100000, 0x0000000533100000| Untracked 
| 138|0x0000000533200000, 0x0000000533200000, 0x0000000533300000|  0%| F|  |TAMS 0x0000000533200000, 0x0000000533200000| Untracked 
| 139|0x0000000533300000, 0x0000000533380000, 0x0000000533400000| 50%| E|  |TAMS 0x0000000533300000, 0x0000000533300000| Complete 
| 140|0x0000000533400000, 0x0000000533500000, 0x0000000533500000|100%| E|CS|TAMS 0x0000000533400000, 0x0000000533400000| Complete 
| 141|0x0000000533500000, 0x0000000533600000, 0x0000000533600000|100%| E|CS|TAMS 0x0000000533500000, 0x0000000533500000| Complete 
| 142|0x0000000533600000, 0x0000000533700000, 0x0000000533700000|100%| E|CS|TAMS 0x0000000533600000, 0x0000000533600000| Complete 
| 143|0x0000000533700000, 0x0000000533800000, 0x0000000533800000|100%| E|CS|TAMS 0x0000000533700000, 0x0000000533700000| Complete 
| 144|0x0000000533800000, 0x0000000533900000, 0x0000000533900000|100%| E|CS|TAMS 0x0000000533800000, 0x0000000533800000| Complete 
| 145|0x0000000533900000, 0x0000000533a00000, 0x0000000533a00000|100%| E|CS|TAMS 0x0000000533900000, 0x0000000533900000| Complete 
| 146|0x0000000533a00000, 0x0000000533b00000, 0x0000000533b00000|100%| E|CS|TAMS 0x0000000533a00000, 0x0000000533a00000| Complete 
| 147|0x0000000533b00000, 0x0000000533c00000, 0x0000000533c00000|100%| E|CS|TAMS 0x0000000533b00000, 0x0000000533b00000| Complete 
| 148|0x0000000533c00000, 0x0000000533d00000, 0x0000000533d00000|100%| E|CS|TAMS 0x0000000533c00000, 0x0000000533c00000| Complete 
| 149|0x0000000533d00000, 0x0000000533e00000, 0x0000000533e00000|100%| E|CS|TAMS 0x0000000533d00000, 0x0000000533d00000| Complete 
| 150|0x0000000533e00000, 0x0000000533f00000, 0x0000000533f00000|100%| E|CS|TAMS 0x0000000533e00000, 0x0000000533e00000| Complete 
| 151|0x0000000533f00000, 0x0000000534000000, 0x0000000534000000|100%| E|CS|TAMS 0x0000000533f00000, 0x0000000533f00000| Complete 
| 152|0x0000000534000000, 0x0000000534100000, 0x0000000534100000|100%| E|CS|TAMS 0x0000000534000000, 0x0000000534000000| Complete 
| 171|0x0000000535300000, 0x0000000535327978, 0x0000000535400000| 15%| S|CS|TAMS 0x0000000535300000, 0x0000000535300000| Complete 
| 172|0x0000000535400000, 0x0000000535500000, 0x0000000535500000|100%| E|CS|TAMS 0x0000000535400000, 0x0000000535400000| Complete 
|2046|0x00000005aa600000, 0x00000005aa674000, 0x00000005aa700000| 45%|OA|  |TAMS 0x00000005aa674000, 0x00000005aa674000| Untracked 
|2047|0x00000005aa700000, 0x00000005aa774000, 0x00000005aa800000| 45%|CA|  |TAMS 0x00000005aa774000, 0x00000005aa774000| Untracked 

Card table byte_map: [0x000000010c000000,0x000000010c400000] _byte_map_base: 0x00000001096ac000

Marking Bits (Prev, Next): (CMBitMap*) 0x0000000103607f50, (CMBitMap*) 0x0000000103607f10
 Prev Bits: [0x000000011ab74000, 0x000000011cb74000)
 Next Bits: [0x0000000118b74000, 0x000000011ab74000)

Polling page: 0x0000000102d38000

Metaspace:

Usage:
  Non-class:     56.68 MB used.
      Class:     10.63 MB used.
       Both:     67.30 MB used.

Virtual space:
  Non-class space:       64.00 MB reserved,      56.94 MB ( 89%) committed,  1 nodes.
      Class space:        1.00 GB reserved,      10.88 MB (  1%) committed,  1 nodes.
             Both:        1.06 GB reserved,      67.81 MB (  6%) committed. 

Chunk freelists:
   Non-Class:  6.58 MB
       Class:  5.10 MB
        Both:  11.68 MB

MaxMetaspaceSize: unlimited
CompressedClassSpaceSize: 1.00 GB
Initial GC threshold: 21.00 MB
Current GC threshold: 98.69 MB
CDS: on
MetaspaceReclaimPolicy: balanced
 - commit_granule_bytes: 65536.
 - commit_granule_words: 8192.
 - virtual_space_node_default_size: 8388608.
 - enlarge_chunks_in_place: 1.
 - new_chunks_are_fully_committed: 0.
 - uncommit_free_chunks: 1.
 - use_allocation_guard: 0.
 - handle_deallocations: 1.


Internal statistics:

num_allocs_failed_limit: 9.
num_arena_births: 730.
num_arena_deaths: 0.
num_vsnodes_births: 2.
num_vsnodes_deaths: 0.
num_space_committed: 1085.
num_space_uncommitted: 0.
num_chunks_returned_to_freelist: 9.
num_chunks_taken_from_freelist: 3272.
num_chunk_merges: 9.
num_chunk_splits: 2433.
num_chunks_enlarged: 1980.
num_inconsistent_stats: 0.

CodeCache: size=49152Kb used=15031Kb max_used=15031Kb free=34120Kb
 bounds [0x0000000115b74000, 0x0000000116a24000, 0x0000000118b74000]
 total_blobs=9153 nmethods=8212 adapters=869
 compilation: enabled
              stopped_count=0, restarted_count=0
 full_count=0

Compilation events (20 events):
Event: 16.782 Thread 0x000000095c4b8000 nmethod 8507 0x0000000116a1e010 code [0x0000000116a1e180, 0x0000000116a1e218]
Event: 16.997 Thread 0x000000095b151e00 8508       1       javafx.scene.Scene::isDirty (9 bytes)
Event: 16.998 Thread 0x000000095b151e00 nmethod 8508 0x0000000116a1e310 code [0x0000000116a1e4c0, 0x0000000116a1e5b8]
Event: 17.361 Thread 0x000000095c4b8000 8509       1       com.sun.javafx.util.Logging::getInputLogger (18 bytes)
Event: 17.362 Thread 0x000000095c4b8000 nmethod 8509 0x0000000116a1e690 code [0x0000000116a1e840, 0x0000000116a1e978]
Event: 17.362 Thread 0x000000095b151e00 8510       1       javafx.scene.control.TextInputControl::getSelection (11 bytes)
Event: 17.362 Thread 0x000000095b151e00 nmethod 8510 0x0000000116a1ea10 code [0x0000000116a1ebc0, 0x0000000116a1ed38]
Event: 17.488 Thread 0x000000095c4b8000 8511   !   1       java.util.concurrent.ConcurrentHashMap::clear (176 bytes)
Event: 17.489 Thread 0x000000095c4b8000 nmethod 8511 0x0000000116a1ee90 code [0x0000000116a1f080, 0x0000000116a1f558]
Event: 17.492 Thread 0x000000095b151e00 8512       1       org.hibernate.service.spi.ServiceBinding::getLifecycleOwner (5 bytes)
Event: 17.492 Thread 0x000000095b151e00 nmethod 8512 0x0000000116a1f890 code [0x0000000116a1fa00, 0x0000000116a1fa98]
Event: 17.495 Thread 0x000000095c4b8000 8513       1       java.time.format.DateTimeFormatter::getDecimalStyle (5 bytes)
Event: 17.495 Thread 0x000000095c4b8000 nmethod 8513 0x0000000116a1fb90 code [0x0000000116a1fd00, 0x0000000116a1fd98]
Event: 17.500 Thread 0x000000095b151e00 8514       1       com.sun.javafx.geom.transform.Affine3D::translate (27 bytes)
Event: 17.501 Thread 0x000000095b151e00 nmethod 8514 0x0000000116a1fe90 code [0x0000000116a20040, 0x0000000116a20198]
Event: 17.502 Thread 0x000000095c4b8000 8515       1       com.sun.javafx.tk.quantum.PaintCollector::getInstance (4 bytes)
Event: 17.502 Thread 0x000000095c4b8000 nmethod 8515 0x0000000116a20290 code [0x0000000116a20400, 0x0000000116a20498]
Event: 17.504 Thread 0x000000095b151e00 8516       1       com.sun.javafx.scene.control.behavior.BehaviorBase::getNode (5 bytes)
Event: 17.504 Thread 0x000000095b151e00 nmethod 8516 0x0000000116a20590 code [0x0000000116a20700, 0x0000000116a20798]
Event: 18.136 Thread 0x000000095c4b8000 8517       1       java.util.LinkedHashSet::<init> (27 bytes)

GC Heap History (20 events):
Event: 2.796 GC heap before
{Heap before GC invocations=10 (full 0):
 garbage-first heap   total 75776K, used 21377K [0x000000052a800000, 0x00000005aa800000)
  region size 1024K, 5 young (5120K), 4 survivors (4096K)
 Metaspace       used 45354K, committed 45760K, reserved 1114112K
  class space    used 6552K, committed 6720K, reserved 1048576K
}
Event: 2.804 GC heap after
{Heap after GC invocations=11 (full 0):
 garbage-first heap   total 75776K, used 20970K [0x000000052a800000, 0x00000005aa800000)
  region size 1024K, 1 young (1024K), 1 survivors (1024K)
 Metaspace       used 45354K, committed 45760K, reserved 1114112K
  class space    used 6552K, committed 6720K, reserved 1048576K
}
Event: 3.008 GC heap before
{Heap before GC invocations=11 (full 0):
 garbage-first heap   total 75776K, used 56810K [0x000000052a800000, 0x00000005aa800000)
  region size 1024K, 36 young (36864K), 1 survivors (1024K)
 Metaspace       used 51242K, committed 51712K, reserved 1114112K
  class space    used 7537K, committed 7744K, reserved 1048576K
}
Event: 3.009 GC heap after
{Heap after GC invocations=12 (full 0):
 garbage-first heap   total 75776K, used 23212K [0x000000052a800000, 0x00000005aa800000)
  region size 1024K, 3 young (3072K), 3 survivors (3072K)
 Metaspace       used 51242K, committed 51712K, reserved 1114112K
  class space    used 7537K, committed 7744K, reserved 1048576K
}
Event: 3.152 GC heap before
{Heap before GC invocations=12 (full 0):
 garbage-first heap   total 75776K, used 57004K [0x000000052a800000, 0x00000005aa800000)
  region size 1024K, 36 young (36864K), 3 survivors (3072K)
 Metaspace       used 55242K, committed 55680K, reserved 1114112K
  class space    used 8217K, committed 8448K, reserved 1048576K
}
Event: 3.154 GC heap after
{Heap after GC invocations=13 (full 0):
 garbage-first heap   total 75776K, used 25514K [0x000000052a800000, 0x00000005aa800000)
  region size 1024K, 3 young (3072K), 3 survivors (3072K)
 Metaspace       used 55242K, committed 55680K, reserved 1114112K
  class space    used 8217K, committed 8448K, reserved 1048576K
}
Event: 3.328 GC heap before
{Heap before GC invocations=13 (full 0):
 garbage-first heap   total 75776K, used 53162K [0x000000052a800000, 0x00000005aa800000)
  region size 1024K, 32 young (32768K), 3 survivors (3072K)
 Metaspace       used 59847K, committed 60288K, reserved 1114112K
  class space    used 9024K, committed 9216K, reserved 1048576K
}
Event: 3.331 GC heap after
{Heap after GC invocations=14 (full 0):
 garbage-first heap   total 179200K, used 29165K [0x000000052a800000, 0x00000005aa800000)
  region size 1024K, 5 young (5120K), 5 survivors (5120K)
 Metaspace       used 59847K, committed 60288K, reserved 1114112K
  class space    used 9024K, committed 9216K, reserved 1048576K
}
Event: 10.540 GC heap before
{Heap before GC invocations=15 (full 0):
 garbage-first heap   total 109568K, used 90605K [0x000000052a800000, 0x00000005aa800000)
  region size 1024K, 64 young (65536K), 5 survivors (5120K)
 Metaspace       used 68010K, committed 68544K, reserved 1114112K
  class space    used 10690K, committed 10944K, reserved 1048576K
}
Event: 10.549 GC heap after
{Heap after GC invocations=16 (full 0):
 garbage-first heap   total 109568K, used 37541K [0x000000052a800000, 0x00000005aa800000)
  region size 1024K, 8 young (8192K), 8 survivors (8192K)
 Metaspace       used 68010K, committed 68544K, reserved 1114112K
  class space    used 10690K, committed 10944K, reserved 1048576K
}
Event: 10.843 GC heap before
{Heap before GC invocations=16 (full 0):
 garbage-first heap   total 109568K, used 84645K [0x000000052a800000, 0x00000005aa800000)
  region size 1024K, 39 young (39936K), 8 survivors (8192K)
 Metaspace       used 68692K, committed 69184K, reserved 1114112K
  class space    used 10835K, committed 11072K, reserved 1048576K
}
Event: 10.850 GC heap after
{Heap after GC invocations=17 (full 0):
 garbage-first heap   total 109568K, used 44046K [0x000000052a800000, 0x00000005aa800000)
  region size 1024K, 7 young (7168K), 7 survivors (7168K)
 Metaspace       used 68692K, committed 69184K, reserved 1114112K
  class space    used 10835K, committed 11072K, reserved 1048576K
}
Event: 10.927 GC heap before
{Heap before GC invocations=17 (full 0):
 garbage-first heap   total 109568K, used 54286K [0x000000052a800000, 0x00000005aa800000)
  region size 1024K, 9 young (9216K), 7 survivors (7168K)
 Metaspace       used 68692K, committed 69184K, reserved 1114112K
  class space    used 10835K, committed 11072K, reserved 1048576K
}
Event: 10.930 GC heap after
{Heap after GC invocations=18 (full 0):
 garbage-first heap   total 109568K, used 45782K [0x000000052a800000, 0x00000005aa800000)
  region size 1024K, 2 young (2048K), 2 survivors (2048K)
 Metaspace       used 68692K, committed 69184K, reserved 1114112K
  class space    used 10835K, committed 11072K, reserved 1048576K
}
Event: 10.944 GC heap before
{Heap before GC invocations=18 (full 0):
 garbage-first heap   total 109568K, used 47830K [0x000000052a800000, 0x00000005aa800000)
  region size 1024K, 3 young (3072K), 2 survivors (2048K)
 Metaspace       used 68692K, committed 69184K, reserved 1114112K
  class space    used 10835K, committed 11072K, reserved 1048576K
}
Event: 10.945 GC heap after
{Heap after GC invocations=19 (full 0):
 garbage-first heap   total 109568K, used 44954K [0x000000052a800000, 0x00000005aa800000)
  region size 1024K, 1 young (1024K), 1 survivors (1024K)
 Metaspace       used 68692K, committed 69184K, reserved 1114112K
  class space    used 10835K, committed 11072K, reserved 1048576K
}
Event: 10.960 GC heap before
{Heap before GC invocations=19 (full 0):
 garbage-first heap   total 109568K, used 47002K [0x000000052a800000, 0x00000005aa800000)
  region size 1024K, 2 young (2048K), 1 survivors (1024K)
 Metaspace       used 68692K, committed 69184K, reserved 1114112K
  class space    used 10835K, committed 11072K, reserved 1048576K
}
Event: 10.960 GC heap after
{Heap after GC invocations=20 (full 0):
 garbage-first heap   total 109568K, used 44744K [0x000000052a800000, 0x00000005aa800000)
  region size 1024K, 1 young (1024K), 1 survivors (1024K)
 Metaspace       used 68692K, committed 69184K, reserved 1114112K
  class space    used 10835K, committed 11072K, reserved 1048576K
}
Event: 10.976 GC heap before
{Heap before GC invocations=20 (full 0):
 garbage-first heap   total 109568K, used 46792K [0x000000052a800000, 0x00000005aa800000)
  region size 1024K, 2 young (2048K), 1 survivors (1024K)
 Metaspace       used 68692K, committed 69184K, reserved 1114112K
  class space    used 10835K, committed 11072K, reserved 1048576K
}
Event: 10.977 GC heap after
{Heap after GC invocations=21 (full 0):
 garbage-first heap   total 160768K, used 44683K [0x000000052a800000, 0x00000005aa800000)
  region size 1024K, 1 young (1024K), 1 survivors (1024K)
 Metaspace       used 68692K, committed 69184K, reserved 1114112K
  class space    used 10835K, committed 11072K, reserved 1048576K
}

Dll operation events (15 events):
Event: 0.013 Loaded shared library /Users/eliassanchez/.gradle/jdks/eclipse_adoptium-17-aarch64-os_x.2/jdk-17.0.19+10/Contents/Home/lib/libjava.dylib
Event: 0.062 Loaded shared library /Users/eliassanchez/.gradle/jdks/eclipse_adoptium-17-aarch64-os_x.2/jdk-17.0.19+10/Contents/Home/lib/libnio.dylib
Event: 0.065 Loaded shared library /Users/eliassanchez/.gradle/jdks/eclipse_adoptium-17-aarch64-os_x.2/jdk-17.0.19+10/Contents/Home/lib/libzip.dylib
Event: 0.107 Loaded shared library /Users/eliassanchez/.gradle/jdks/eclipse_adoptium-17-aarch64-os_x.2/jdk-17.0.19+10/Contents/Home/lib/libjimage.dylib
Event: 0.162 Loading shared library /Users/eliassanchez/.gradle/caches/modules-2/files-2.1/org.openjfx/javafx-graphics/17.0.10/a53e16c40680604d0f85c2b6c4e3673972f1fa39/libprism_es2.dylib failed, dlopen(/Users/eliassanchez/.gradle/caches/modules-2/files-2.1/org.openjfx
Event: 0.181 Loaded shared library /Users/eliassanchez/.openjfx/cache/17.0.10/libprism_es2.dylib
Event: 0.360 Loading shared library /Users/eliassanchez/.gradle/caches/modules-2/files-2.1/org.openjfx/javafx-graphics/17.0.10/a53e16c40680604d0f85c2b6c4e3673972f1fa39/libglass.dylib failed, dlopen(/Users/eliassanchez/.gradle/caches/modules-2/files-2.1/org.openjfx/jav
Event: 0.370 Loaded shared library /Users/eliassanchez/.openjfx/cache/17.0.10/libglass.dylib
Event: 0.972 Loaded shared library /Users/eliassanchez/.gradle/jdks/eclipse_adoptium-17-aarch64-os_x.2/jdk-17.0.19+10/Contents/Home/lib/libverify.dylib
Event: 0.989 Loaded shared library /Users/eliassanchez/.gradle/jdks/eclipse_adoptium-17-aarch64-os_x.2/jdk-17.0.19+10/Contents/Home/lib/libnet.dylib
Event: 2.302 Loaded shared library /private/var/folders/68/vqc40nz5669f_mzc2dyrz03c0000gn/T/sqlite-3.45.3.0-bf757f3d-937a-46e3-bbfd-0409e6fc17fb-libsqlitejdbc.dylib
Event: 3.215 Loaded shared library /Users/eliassanchez/.gradle/jdks/eclipse_adoptium-17-aarch64-os_x.2/jdk-17.0.19+10/Contents/Home/lib/libmanagement.dylib
Event: 3.218 Loaded shared library /Users/eliassanchez/.gradle/jdks/eclipse_adoptium-17-aarch64-os_x.2/jdk-17.0.19+10/Contents/Home/lib/libmanagement_ext.dylib
Event: 3.322 Loading shared library /Users/eliassanchez/.gradle/caches/modules-2/files-2.1/org.openjfx/javafx-graphics/17.0.10/a53e16c40680604d0f85c2b6c4e3673972f1fa39/libjavafx_font.dylib failed, dlopen(/Users/eliassanchez/.gradle/caches/modules-2/files-2.1/org.openj
Event: 3.325 Loaded shared library /Users/eliassanchez/.openjfx/cache/17.0.10/libjavafx_font.dylib

Deoptimization events (20 events):
Event: 2.921 Thread 0x000000095b1a8000 DEOPT PACKING pc=0x00000001161ac664 sp=0x000000016f75ead0
Event: 2.921 Thread 0x000000095b1a8000 DEOPT UNPACKING pc=0x0000000115bbb77c sp=0x000000016f75e890 mode 3
Event: 3.075 Thread 0x000000095b1a8000 DEOPT PACKING pc=0x0000000116398a7c sp=0x000000016f760ab0
Event: 3.075 Thread 0x000000095b1a8000 DEOPT UNPACKING pc=0x0000000115bbb77c sp=0x000000016f760740 mode 3
Event: 3.086 Thread 0x000000095b1a8000 DEOPT PACKING pc=0x0000000116161268 sp=0x000000016f761260
Event: 3.086 Thread 0x000000095b1a8000 DEOPT UNPACKING pc=0x0000000115bbb77c sp=0x000000016f760ed0 mode 3
Event: 3.086 Thread 0x000000095b1a8000 DEOPT PACKING pc=0x0000000116179b08 sp=0x000000016f760be0
Event: 3.086 Thread 0x000000095b1a8000 DEOPT UNPACKING pc=0x0000000115bbb77c sp=0x000000016f760980 mode 3
Event: 3.162 Thread 0x000000095b1a8000 DEOPT PACKING pc=0x0000000115f0f74c sp=0x000000016f761110
Event: 3.162 Thread 0x000000095b1a8000 DEOPT UNPACKING pc=0x0000000115bbb77c sp=0x000000016f760e10 mode 3
Event: 3.162 Thread 0x000000095b1a8000 DEOPT PACKING pc=0x0000000115f03418 sp=0x000000016f7610e0
Event: 3.162 Thread 0x000000095b1a8000 DEOPT UNPACKING pc=0x0000000115bbb77c sp=0x000000016f760e10 mode 3
Event: 3.337 Thread 0x000000095b3f8600 DEOPT PACKING pc=0x0000000116439ec8 sp=0x000000016d0e6730
Event: 3.337 Thread 0x000000095b3f8600 DEOPT UNPACKING pc=0x0000000115bbb77c sp=0x000000016d0e63f0 mode 3
Event: 3.488 Thread 0x000000095b3f8600 DEOPT PACKING pc=0x0000000115e040b8 sp=0x000000016d0e5cc0
Event: 3.488 Thread 0x000000095b3f8600 DEOPT UNPACKING pc=0x0000000115bbb77c sp=0x000000016d0e5a40 mode 3
Event: 10.598 Thread 0x000000095b3f8600 DEOPT PACKING pc=0x0000000115d29880 sp=0x000000016d0e4390
Event: 10.598 Thread 0x000000095b3f8600 DEOPT UNPACKING pc=0x0000000115bbb77c sp=0x000000016d0e4040 mode 3
Event: 17.495 Thread 0x000000095b3f8600 DEOPT PACKING pc=0x000000011668dd38 sp=0x000000016d0e6ef0
Event: 17.495 Thread 0x000000095b3f8600 DEOPT UNPACKING pc=0x0000000115bbb77c sp=0x000000016d0e6d30 mode 3

Classes loaded (20 events):
Event: 10.596 Loading class jdk/internal/icu/impl/UCharacterProperty
Event: 10.596 Loading class jdk/internal/icu/impl/UCharacterProperty done
Event: 10.596 Loading class jdk/internal/icu/impl/UCharacterProperty$1
Event: 10.596 Loading class jdk/internal/icu/impl/UCharacterProperty$BiDiIntProperty
Event: 10.596 Loading class jdk/internal/icu/impl/UCharacterProperty$IntProperty
Event: 10.596 Loading class jdk/internal/icu/impl/UCharacterProperty$IntProperty done
Event: 10.596 Loading class jdk/internal/icu/impl/UCharacterProperty$BiDiIntProperty done
Event: 10.596 Loading class jdk/internal/icu/impl/UCharacterProperty$1 done
Event: 10.597 Loading class jdk/internal/icu/impl/UCharacterProperty$IsAcceptable
Event: 10.597 Loading class jdk/internal/icu/impl/UCharacterProperty$IsAcceptable done
Event: 10.598 Loading class java/lang/CharacterData01
Event: 10.598 Loading class java/lang/CharacterData01 done
Event: 17.492 Loading class java/util/AbstractMap$2
Event: 17.493 Loading class java/util/AbstractMap$2 done
Event: 17.494 Loading class java/util/AbstractMap$2$1
Event: 17.494 Loading class java/util/AbstractMap$2$1 done
Event: 17.495 Loading class jdk/internal/reflect/UnsafeQualifiedObjectFieldAccessorImpl
Event: 17.496 Loading class jdk/internal/reflect/UnsafeQualifiedFieldAccessorImpl
Event: 17.496 Loading class jdk/internal/reflect/UnsafeQualifiedFieldAccessorImpl done
Event: 17.496 Loading class jdk/internal/reflect/UnsafeQualifiedObjectFieldAccessorImpl done

Classes unloaded (0 events):
No events

Classes redefined (0 events):
No events

Internal exceptions (20 events):
Event: 3.210 Thread 0x000000095b1a8000 Exception <a 'java/lang/NoSuchMethodError'{0x000000052e41ab30}: 'java.lang.Object java.lang.invoke.DirectMethodHandle$Holder.invokeSpecial(java.lang.Object, java.lang.Object, int, java.lang.Object, int, java.lang.Object)'> (0x000000052e41ab30) 
thrown [src/hotspot/share/interpreter/linkResolver.cpp, line 759]
Event: 3.210 Thread 0x000000095b1a8000 Exception <a 'java/lang/NoSuchMethodError'{0x000000052e422938}: 'java.lang.Object java.lang.invoke.DirectMethodHandle$Holder.newInvokeSpecial(java.lang.Object, java.lang.Object, int, java.lang.Object, int)'> (0x000000052e422938) 
thrown [src/hotspot/share/interpreter/linkResolver.cpp, line 759]
Event: 3.210 Thread 0x000000095b1a8000 Exception <a 'java/lang/NoSuchMethodError'{0x000000052e426a38}: 'java.lang.Object java.lang.invoke.DirectMethodHandle$Holder.invokeSpecial(java.lang.Object, java.lang.Object, java.lang.Object, int, java.lang.Object, int)'> (0x000000052e426a38) 
thrown [src/hotspot/share/interpreter/linkResolver.cpp, line 759]
Event: 3.289 Thread 0x000000095b3f8600 Exception <a 'java/lang/NullPointerException'{0x000000052d86e718}> (0x000000052d86e718) 
thrown [src/hotspot/share/interpreter/linkResolver.cpp, line 1350]
Event: 3.331 Thread 0x000000095b3f8600 Exception <a 'java/io/FileNotFoundException'{0x0000000535400570}> (0x0000000535400570) 
thrown [src/hotspot/share/prims/jni.cpp, line 516]
Event: 3.491 Thread 0x000000095b3f8600 Exception <a 'java/lang/IncompatibleClassChangeError'{0x000000053095e3f0}: Found class java.lang.Object, but interface was expected> (0x000000053095e3f0) 
thrown [src/hotspot/share/interpreter/linkResolver.cpp, line 826]
Event: 3.668 Thread 0x000000095b3f8600 Exception <a 'java/lang/NoSuchMethodError'{0x0000000530047010}: 'long java.lang.invoke.DirectMethodHandle$Holder.invokeStatic(java.lang.Object, java.lang.Object, java.lang.Object)'> (0x0000000530047010) 
thrown [src/hotspot/share/interpreter/linkResolver.cpp, line 759]
Event: 3.668 Thread 0x000000095b3f8600 Exception <a 'java/lang/NoSuchMethodError'{0x000000053004a7b8}: 'long java.lang.invoke.DirectMethodHandle$Holder.invokeStaticInit(java.lang.Object, java.lang.Object, java.lang.Object)'> (0x000000053004a7b8) 
thrown [src/hotspot/share/interpreter/linkResolver.cpp, line 759]
Event: 8.930 Thread 0x000000095c311e00 Exception <a 'java/lang/NoSuchMethodError'{0x000000052f596268}: 'void java.lang.invoke.DirectMethodHandle$Holder.invokeSpecialIFC(java.lang.Object, java.lang.Object, int, java.lang.Object, java.lang.Object, java.lang.Object, java.lang.Object)'> (0x000000052f596268) 
thrown [src/hotspot/share/interpreter/linkResolver.cpp, line 759]
Event: 10.434 Thread 0x000000095b3f8600 Exception <a 'java/lang/IncompatibleClassChangeError'{0x000000052eadff80}: Found class java.lang.Object, but interface was expected> (0x000000052eadff80) 
thrown [src/hotspot/share/interpreter/linkResolver.cpp, line 826]
Event: 10.571 Thread 0x000000095b3f8600 Exception <a 'java/lang/NoSuchMethodError'{0x0000000530ce7b48}: 'void java.lang.invoke.DirectMethodHandle$Holder.invokeSpecialIFC(java.lang.Object, java.lang.Object, java.lang.Object, java.lang.Object)'> (0x0000000530ce7b48) 
thrown [src/hotspot/share/interpreter/linkResolver.cpp, line 759]
Event: 10.599 Thread 0x000000095b3f8600 Exception <a 'java/io/FileNotFoundException'{0x00000005304cf3d0}> (0x00000005304cf3d0) 
thrown [src/hotspot/share/prims/jni.cpp, line 516]
Event: 10.599 Thread 0x000000095b3f8600 Exception <a 'java/io/FileNotFoundException'{0x00000005304d1a18}> (0x00000005304d1a18) 
thrown [src/hotspot/share/prims/jni.cpp, line 516]
Event: 10.599 Thread 0x000000095b3f8600 Exception <a 'java/io/FileNotFoundException'{0x00000005304d3790}> (0x00000005304d3790) 
thrown [src/hotspot/share/prims/jni.cpp, line 516]
Event: 10.605 Thread 0x000000095b3f8600 Exception <a 'java/io/FileNotFoundException'{0x00000005303263d0}> (0x00000005303263d0) 
thrown [src/hotspot/share/prims/jni.cpp, line 516]
Event: 10.605 Thread 0x000000095b3f8600 Exception <a 'java/io/FileNotFoundException'{0x0000000530328188}> (0x0000000530328188) 
thrown [src/hotspot/share/prims/jni.cpp, line 516]
Event: 10.605 Thread 0x000000095b3f8600 Exception <a 'java/io/FileNotFoundException'{0x0000000530329f00}> (0x0000000530329f00) 
thrown [src/hotspot/share/prims/jni.cpp, line 516]
Event: 13.443 Thread 0x000000095b3f8600 Exception <a 'java/lang/NoSuchMethodError'{0x0000000533f625a0}: 'java.lang.Object java.lang.invoke.DirectMethodHandle$Holder.newInvokeSpecial(java.lang.Object, java.lang.Object, int, int, int, int, int, java.lang.Object)'> (0x0000000533f625a0) 
thrown [src/hotspot/share/interpreter/linkResolver.cpp, line 759]
Event: 13.444 Thread 0x000000095b3f8600 Exception <a 'java/lang/NoSuchMethodError'{0x0000000533f75588}: 'java.lang.Object java.lang.invoke.DirectMethodHandle$Holder.newInvokeSpecial(java.lang.Object, java.lang.Object, java.lang.Object, int, int, int, int, int)'> (0x0000000533f75588) 
thrown [src/hotspot/share/interpreter/linkResolver.cpp, line 759]
Event: 13.444 Thread 0x000000095b3f8600 Exception <a 'java/lang/NoSuchMethodError'{0x0000000533f7cde8}: 'java.lang.Object java.lang.invoke.Invokers$Holder.linkToTargetMethod(java.lang.Object, java.lang.Object, int, int, int, int, int, java.lang.Object)'> (0x0000000533f7cde8) 
thrown [src/hotspot/share/interpreter/linkResolver.cpp, line 759]

VM Operations (20 events):
Event: 10.944 Executing VM operation: G1TryInitiateConcMark
Event: 10.945 Executing VM operation: G1TryInitiateConcMark done
Event: 10.960 Executing VM operation: G1TryInitiateConcMark
Event: 10.960 Executing VM operation: G1TryInitiateConcMark done
Event: 10.976 Executing VM operation: G1TryInitiateConcMark
Event: 10.977 Executing VM operation: G1TryInitiateConcMark done
Event: 11.762 Executing VM operation: HandshakeAllThreads
Event: 11.762 Executing VM operation: HandshakeAllThreads done
Event: 12.764 Executing VM operation: Cleanup
Event: 12.764 Executing VM operation: Cleanup done
Event: 13.769 Executing VM operation: Cleanup
Event: 13.769 Executing VM operation: Cleanup done
Event: 14.771 Executing VM operation: Cleanup
Event: 14.771 Executing VM operation: Cleanup done
Event: 15.775 Executing VM operation: Cleanup
Event: 15.775 Executing VM operation: Cleanup done
Event: 16.779 Executing VM operation: Cleanup
Event: 16.779 Executing VM operation: Cleanup done
Event: 17.783 Executing VM operation: Cleanup
Event: 17.784 Executing VM operation: Cleanup done

Memory protections (20 events):
Event: 2.313 Protecting memory [0x0000000170cfc000,0x0000000170d08000] with protection modes 0
Event: 2.420 Protecting memory [0x0000000170f08000,0x0000000170f14000] with protection modes 0
Event: 3.363 Protecting memory [0x000000017152c000,0x0000000171538000] with protection modes 0
Event: 3.488 Protecting memory [0x00000001715b8000,0x00000001715c4000] with protection modes 0
Event: 3.736 Protecting memory [0x0000000171850000,0x000000017185c000] with protection modes 0
Event: 7.538 Protecting memory [0x0000000170f08000,0x0000000170f14000] with protection modes 3
Event: 8.889 Protecting memory [0x0000000170f08000,0x0000000170f14000] with protection modes 0
Event: 9.033 Protecting memory [0x0000000170f08000,0x0000000170f14000] with protection modes 3
Event: 15.797 Protecting memory [0x0000000171ae8000,0x0000000171af4000] with protection modes 0
Event: 17.497 Protecting memory [0x0000000171cf4000,0x0000000171d00000] with protection modes 0
Event: 17.497 Protecting memory [0x0000000170cfc000,0x0000000170d08000] with protection modes 3
Event: 17.498 Protecting memory [0x0000000171cf4000,0x0000000171d00000] with protection modes 3
Event: 18.135 Protecting memory [0x000000016f76c000,0x000000016f778000] with protection modes 3
Event: 18.135 Protecting memory [0x000000016f560000,0x000000016f56c000] with protection modes 3
Event: 18.135 Protecting memory [0x000000016c8f4000,0x000000016c900000] with protection modes 3
Event: 18.135 Protecting memory [0x000000016d17c000,0x000000016d188000] with protection modes 3
Event: 18.135 Protecting memory [0x000000016d17c000,0x000000016d188000] with protection modes 0
Event: 18.136 Protecting memory [0x000000016f560000,0x000000016f56c000] with protection modes 0
Event: 18.136 Protecting memory [0x000000016f76c000,0x000000016f778000] with protection modes 0
Event: 18.136 Protecting memory [0x000000016f560000,0x000000016f56c000] with protection modes 3

Nmethod flushes (0 events):
No events

Events (20 events):
Event: 2.313 Thread 0x000000095b1a8000 Thread added: 0x000000095b71b000
Event: 2.420 Thread 0x000000095b71b000 Thread added: 0x000000095b53ea00
Event: 3.363 Thread 0x000000095bdfde00 Thread added: 0x000000095bdfde00
Event: 3.488 Thread 0x000000095b3f8600 Thread added: 0x000000095bdfea00
Event: 3.736 Thread 0x000000095b1a8600 Thread added: 0x000000095c310000
Event: 7.538 Thread 0x000000095b53ea00 Thread exited: 0x000000095b53ea00
Event: 8.889 Thread 0x000000095b3f8600 Thread added: 0x000000095c311e00
Event: 9.033 Thread 0x000000095c311e00 Thread exited: 0x000000095c311e00
Event: 15.797 Thread 0x000000095b151e00 Thread added: 0x000000095c4b8000
Event: 17.497 Thread 0x000000095b3f8600 Thread added: 0x000000095c4b9200
Event: 17.497 Thread 0x000000095b71b000 Thread exited: 0x000000095b71b000
Event: 17.498 Thread 0x000000095c4b9200 Thread exited: 0x000000095c4b9200
Event: 18.135 Thread 0x000000095b1a8600 Thread exited: 0x000000095b1a8600
Event: 18.135 Thread 0x000000095b1a8000 Thread exited: 0x000000095b1a8000
Event: 18.135 Thread 0x000000095b3f8600 Thread exited: 0x000000095b3f8600
Event: 18.135 Thread 0x00000001035fb1a0 Thread exited: 0x00000001035fb1a0
Event: 18.135 Thread 0x000000095c4b9200 Thread added: 0x000000095c4b9200
Event: 18.136 Thread 0x000000095c4b9200 Thread added: 0x000000095c4b9800
Event: 18.136 Thread 0x000000095c4b9200 Thread added: 0x000000095c4b9e00
Event: 18.136 Thread 0x000000095c4b9800 Thread exited: 0x000000095c4b9800


Dynamic libraries:
0x0000000102d50000 	/Users/eliassanchez/.gradle/jdks/eclipse_adoptium-17-aarch64-os_x.2/jdk-17.0.19+10/Contents/Home/lib/libjli.dylib
0x00000001ad8dd000 	/System/Library/Frameworks/Cocoa.framework/Versions/A/Cocoa
0x00000001925c3000 	/System/Library/Frameworks/AppKit.framework/Versions/C/AppKit
0x0000000195c02000 	/System/Library/Frameworks/CoreData.framework/Versions/A/CoreData
0x000000018f9be000 	/System/Library/Frameworks/Foundation.framework/Versions/C/Foundation
0x000000019df60000 	/usr/lib/libSystem.B.dylib
0x0000000193ce6000 	/System/Library/PrivateFrameworks/UIFoundation.framework/Versions/A/UIFoundation
0x0000000246976000 	/System/Library/PrivateFrameworks/CollectionViewCore.framework/Versions/A/CollectionViewCore
0x000000019b207000 	/System/Library/PrivateFrameworks/XCTTargetBootstrap.framework/Versions/A/XCTTargetBootstrap
0x00000002591ce000 	/System/Library/PrivateFrameworks/GenerativeModels.framework/Versions/A/GenerativeModels
0x00000001a08f4000 	/System/Library/PrivateFrameworks/InternationalSupport.framework/Versions/A/InternationalSupport
0x00000001a0c50000 	/System/Library/PrivateFrameworks/UserActivity.framework/Versions/A/UserActivity
0x0000000196297000 	/System/Library/PrivateFrameworks/BaseBoard.framework/Versions/A/BaseBoard
0x00000002503e4000 	/System/Library/PrivateFrameworks/FrontBoard.framework/Versions/A/FrontBoard
0x00000001a8620000 	/System/Library/PrivateFrameworks/FrontBoardServices.framework/Versions/A/FrontBoardServices
0x0000000291197000 	/usr/lib/libRosetta.dylib
0x00000002844ba000 	/System/Library/PrivateFrameworks/UIIntelligenceSupport.framework/Versions/A/UIIntelligenceSupport
0x000000023ad0b000 	/System/Library/Frameworks/SwiftUICore.framework/Versions/A/SwiftUICore
0x000000028b04f000 	/System/Library/PrivateFrameworks/WritingTools.framework/Versions/A/WritingTools
0x0000000289e4a000 	/System/Library/PrivateFrameworks/WindowManagement.framework/Versions/A/WindowManagement
0x000000018f62d000 	/System/Library/Frameworks/SystemConfiguration.framework/Versions/A/SystemConfiguration
0x000000019fb5f000 	/usr/lib/libspindump.dylib
0x0000000193e9f000 	/System/Library/Frameworks/UniformTypeIdentifiers.framework/Versions/A/UniformTypeIdentifiers
0x000000019d1b7000 	/usr/lib/libbsm.0.dylib
0x0000000198999000 	/usr/lib/libapp_launch_measurement.dylib
0x0000000197ca2000 	/System/Library/PrivateFrameworks/CoreAnalytics.framework/Versions/A/CoreAnalytics
0x000000019899d000 	/System/Library/PrivateFrameworks/CoreAutoLayout.framework/Versions/A/CoreAutoLayout
0x000000019a780000 	/System/Library/Frameworks/Metal.framework/Versions/A/Metal
0x000000019bb43000 	/usr/lib/liblangid.dylib
0x000000019b20d000 	/System/Library/PrivateFrameworks/CoreSVG.framework/Versions/A/CoreSVG
0x00000001948f9000 	/System/Library/PrivateFrameworks/SkyLight.framework/Versions/A/SkyLight
0x0000000250119000 	/System/Library/PrivateFrameworks/FocusEngine.framework/Versions/A/FocusEngine
0x0000000194eb0000 	/System/Library/Frameworks/CoreGraphics.framework/Versions/A/CoreGraphics
0x000000024db25000 	/System/Library/PrivateFrameworks/DesignLibrary.framework/Versions/A/DesignLibrary
0x00000001a68ac000 	/System/Library/Frameworks/Accelerate.framework/Versions/A/Accelerate
0x000000019f955000 	/System/Library/PrivateFrameworks/IconServices.framework/Versions/A/IconServices
0x000000019a758000 	/System/Library/Frameworks/IOSurface.framework/Versions/A/IOSurface
0x0000000197cd2000 	/usr/lib/libDiagnosticMessagesClient.dylib
0x000000019deaa000 	/usr/lib/libz.1.dylib
0x00000001aacfa000 	/System/Library/Frameworks/ApplicationServices.framework/Versions/A/ApplicationServices
0x000000019b1f2000 	/System/Library/PrivateFrameworks/DFRFoundation.framework/Versions/A/DFRFoundation
0x0000000191e12000 	/usr/lib/libicucore.A.dylib
0x00000001a1e7b000 	/System/Library/Frameworks/AudioToolbox.framework/Versions/A/AudioToolbox
0x00000001a0bfe000 	/System/Library/PrivateFrameworks/DataDetectorsCore.framework/Versions/A/DataDetectorsCore
0x0000000285403000 	/System/Library/PrivateFrameworks/UpdateCycle.framework/Versions/A/UpdateCycle
0x00000001bf1fe000 	/System/Library/PrivateFrameworks/TextInput.framework/Versions/A/TextInput
0x000000019483d000 	/usr/lib/libMobileGestalt.dylib
0x000000019aef6000 	/System/Library/Frameworks/Carbon.framework/Versions/A/Frameworks/HIToolbox.framework/Versions/A/HIToolbox
0x00000001981fc000 	/System/Library/Frameworks/QuartzCore.framework/Versions/A/QuartzCore
0x00000001919f3000 	/System/Library/Frameworks/Security.framework/Versions/A/Security
0x00000001a621b000 	/System/Library/Frameworks/Carbon.framework/Versions/A/Frameworks/SpeechRecognition.framework/Versions/A/SpeechRecognition
0x0000000198664000 	/System/Library/PrivateFrameworks/CoreUI.framework/Versions/A/CoreUI
0x000000019125d000 	/System/Library/Frameworks/CoreAudio.framework/Versions/A/CoreAudio
0x0000000197dcd000 	/System/Library/Frameworks/DiskArbitration.framework/Versions/A/DiskArbitration
0x00000001a00fd000 	/System/Library/PrivateFrameworks/MultitouchSupport.framework/Versions/A/MultitouchSupport
0x000000019483b000 	/usr/lib/libenergytrace.dylib
0x00000001b256d000 	/System/Library/PrivateFrameworks/RenderBox.framework/Versions/A/RenderBox
0x000000019246a000 	/System/Library/Frameworks/IOKit.framework/Versions/A/IOKit
0x00000001a662d000 	/System/Library/Frameworks/CoreServices.framework/Versions/A/CoreServices
0x0000000198920000 	/System/Library/PrivateFrameworks/PerformanceAnalysis.framework/Versions/A/PerformanceAnalysis
0x00000002335f8000 	/System/Library/Frameworks/OpenGL.framework/Versions/A/OpenGL
0x00000001989e6000 	/usr/lib/libxml2.2.dylib
0x000000019d098000 	/System/Library/PrivateFrameworks/MobileKeyBag.framework/Versions/A/MobileKeyBag
0x000000018dcac000 	/usr/lib/libobjc.A.dylib
0x000000018e021000 	/usr/lib/libc++.1.dylib
0x00000001a65ab000 	/System/Library/Frameworks/Accessibility.framework/Versions/A/Accessibility
0x0000000195606000 	/System/Library/Frameworks/ColorSync.framework/Versions/A/ColorSync
0x000000018e151000 	/System/Library/Frameworks/CoreFoundation.framework/Versions/A/CoreFoundation
0x000000019b58b000 	/System/Library/Frameworks/CoreImage.framework/Versions/A/CoreImage
0x0000000191034000 	/System/Library/Frameworks/CoreText.framework/Versions/A/CoreText
0x0000000234ff8000 	/System/Library/Frameworks/CoreTransferable.framework/Versions/A/CoreTransferable
0x0000000235513000 	/System/Library/Frameworks/DataDetection.framework/Versions/A/DataDetection
0x000000023552a000 	/System/Library/Frameworks/DeveloperToolsSupport.framework/Versions/A/DeveloperToolsSupport
0x000000019b24b000 	/System/Library/Frameworks/ImageIO.framework/Versions/A/ImageIO
0x000000023bc68000 	/System/Library/Frameworks/Symbols.framework/Versions/A/Symbols
0x00000001c4579000 	/System/Library/PrivateFrameworks/AttributeGraph.framework/Versions/A/AttributeGraph
0x00000001a86fa000 	/System/Library/PrivateFrameworks/BoardServices.framework/Versions/A/BoardServices
0x00000001e9770000 	/System/Library/PrivateFrameworks/FeatureFlags.framework/Versions/A/FeatureFlags
0x0000000259679000 	/System/Library/PrivateFrameworks/Gestures.framework/Versions/A/Gestures
0x000000019df64000 	/System/Library/PrivateFrameworks/SoftLinking.framework/Versions/A/SoftLinking
0x00000001d3256000 	/usr/lib/swift/libswiftAccelerate.dylib
0x00000001c93cd000 	/usr/lib/swift/libswiftCompression.dylib
0x00000001a17d0000 	/usr/lib/swift/libswiftCore.dylib
0x00000001bb41e000 	/usr/lib/swift/libswiftCoreFoundation.dylib
0x00000001bb47e000 	/usr/lib/swift/libswiftCoreImage.dylib
0x00000001a8399000 	/usr/lib/swift/libswiftDispatch.dylib
0x00000001bb47f000 	/usr/lib/swift/libswiftIOKit.dylib
0x00000001c93bf000 	/usr/lib/swift/libswiftMetal.dylib
0x00000001d8b84000 	/usr/lib/swift/libswiftOSLog.dylib
0x00000001ab371000 	/usr/lib/swift/libswiftObjectiveC.dylib
0x0000000292910000 	/usr/lib/swift/libswiftObservation.dylib
0x00000001ce7b3000 	/usr/lib/swift/libswiftQuartzCore.dylib
0x00000002929d2000 	/usr/lib/swift/libswiftSpatial.dylib
0x0000000292a4c000 	/usr/lib/swift/libswiftSynchronization.dylib
0x00000001d3246000 	/usr/lib/swift/libswiftUniformTypeIdentifiers.dylib
0x00000001bb431000 	/usr/lib/swift/libswiftXPC.dylib
0x0000000292a92000 	/usr/lib/swift/libswift_Builtin_float.dylib
0x0000000292a93000 	/usr/lib/swift/libswift_Concurrency.dylib
0x00000001ab375000 	/usr/lib/swift/libswiftos.dylib
0x00000001bef70000 	/usr/lib/swift/libswiftsimd.dylib
0x000000019e188000 	/usr/lib/libcompression.dylib
0x00000001a085d000 	/System/Library/PrivateFrameworks/TextureIO.framework/Versions/A/TextureIO
0x00000001957ae000 	/System/Library/Frameworks/ApplicationServices.framework/Versions/A/Frameworks/HIServices.framework/Versions/A/HIServices
0x000000019f5df000 	/usr/lib/libate.dylib
0x000000019df5a000 	/usr/lib/system/libcache.dylib
0x000000019df15000 	/usr/lib/system/libcommonCrypto.dylib
0x000000019df40000 	/usr/lib/system/libcompiler_rt.dylib
0x000000019df35000 	/usr/lib/system/libcopyfile.dylib
0x000000018de55000 	/usr/lib/system/libcorecrypto.dylib
0x000000018df55000 	/usr/lib/system/libdispatch.dylib
0x000000018dcff000 	/usr/lib/system/libdyld.dylib
0x000000019df50000 	/usr/lib/system/libkeymgr.dylib
0x000000019def8000 	/usr/lib/system/libmacho.dylib
0x000000019d18f000 	/usr/lib/system/libquarantine.dylib
0x000000019df4d000 	/usr/lib/system/libremovefile.dylib
0x00000001948bd000 	/usr/lib/system/libsystem_asl.dylib
0x000000018dddb000 	/usr/lib/system/libsystem_blocks.dylib
0x000000018dfa0000 	/usr/lib/system/libsystem_c.dylib
0x000000019df44000 	/usr/lib/system/libsystem_collections.dylib
0x000000019bb30000 	/usr/lib/system/libsystem_configuration.dylib
0x000000019a71f000 	/usr/lib/system/libsystem_containermanager.dylib
0x000000019d92e000 	/usr/lib/system/libsystem_coreservices.dylib
0x00000001920e8000 	/usr/lib/system/libsystem_darwin.dylib
0x0000000292db4000 	/usr/lib/system/libsystem_darwindirectory.dylib
0x000000019df51000 	/usr/lib/system/libsystem_dnssd.dylib
0x0000000292db8000 	/usr/lib/system/libsystem_eligibility.dylib
0x000000018df9d000 	/usr/lib/system/libsystem_featureflags.dylib
0x000000018e121000 	/usr/lib/system/libsystem_info.dylib
0x000000019deb9000 	/usr/lib/system/libsystem_m.dylib
0x000000018df04000 	/usr/lib/system/libsystem_malloc.dylib
0x0000000194820000 	/usr/lib/system/libsystem_networkextension.dylib
0x0000000192553000 	/usr/lib/system/libsystem_notify.dylib
0x000000019bb35000 	/usr/lib/system/libsystem_sandbox.dylib
0x0000000292dc2000 	/usr/lib/system/libsystem_sanitizers.dylib
0x000000019df49000 	/usr/lib/system/libsystem_secinit.dylib
0x000000018e0cd000 	/usr/lib/system/libsystem_kernel.dylib
0x000000018e118000 	/usr/lib/system/libsystem_platform.dylib
0x000000018e10b000 	/usr/lib/system/libsystem_pthread.dylib
0x000000019647b000 	/usr/lib/system/libsystem_symptoms.dylib
0x000000018de34000 	/usr/lib/system/libsystem_trace.dylib
0x0000000292dca000 	/usr/lib/system/libsystem_trial.dylib
0x000000019df23000 	/usr/lib/system/libunwind.dylib
0x000000018dddf000 	/usr/lib/system/libxpc.dylib
0x000000018e0b2000 	/usr/lib/libc++abi.dylib
0x000000029261d000 	/usr/lib/libswiftPrespecialized.dylib
0x000000019df62000 	/usr/lib/libfakelink.dylib
0x000000019446a000 	/System/Library/Frameworks/CFNetwork.framework/Versions/A/CFNetwork
0x000000019dfb5000 	/usr/lib/libarchive.2.dylib
0x00000001a42c7000 	/System/Library/Frameworks/Combine.framework/Versions/A/Combine
0x000000024699b000 	/System/Library/PrivateFrameworks/CollectionsInternal.framework/Versions/A/CollectionsInternal
0x000000027289a000 	/System/Library/PrivateFrameworks/ReflectionInternal.framework/Versions/A/ReflectionInternal
0x00000002737ed000 	/System/Library/PrivateFrameworks/RuntimeInternal.framework/Versions/A/RuntimeInternal
0x00000001b82b6000 	/usr/lib/swift/libswiftDarwin.dylib
0x0000000292a60000 	/usr/lib/swift/libswiftSystem.dylib
0x0000000292b1f000 	/usr/lib/swift/libswift_DarwinFoundation1.dylib
0x0000000292bc3000 	/usr/lib/swift/libswift_StringProcessing.dylib
0x00000001923ea000 	/System/Library/PrivateFrameworks/CoreServicesInternal.framework/Versions/A/CoreServicesInternal
0x000000019df2d000 	/usr/lib/liboah.dylib
0x00000001aa7a5000 	/System/Library/PrivateFrameworks/DiskImages.framework/Versions/A/DiskImages
0x00000001b7d5b000 	/System/Library/Frameworks/NetFS.framework/Versions/A/NetFS
0x0000000198962000 	/System/Library/Frameworks/CoreServices.framework/Versions/A/Frameworks/FSEvents.framework/Versions/A/FSEvents
0x00000001920f2000 	/System/Library/Frameworks/CoreServices.framework/Versions/A/Frameworks/CarbonCore.framework/Versions/A/CarbonCore
0x0000000197d41000 	/System/Library/Frameworks/CoreServices.framework/Versions/A/Frameworks/Metadata.framework/Versions/A/Metadata
0x000000019d935000 	/System/Library/Frameworks/CoreServices.framework/Versions/A/Frameworks/OSServices.framework/Versions/A/OSServices
0x000000019e0ad000 	/System/Library/Frameworks/CoreServices.framework/Versions/A/Frameworks/SearchKit.framework/Versions/A/SearchKit
0x00000001963f5000 	/System/Library/Frameworks/CoreServices.framework/Versions/A/Frameworks/AE.framework/Versions/A/AE
0x000000018e6b0000 	/System/Library/Frameworks/CoreServices.framework/Versions/A/Frameworks/LaunchServices.framework/Versions/A/LaunchServices
0x000000019f433000 	/System/Library/Frameworks/CoreServices.framework/Versions/A/Frameworks/DictionaryServices.framework/Versions/A/DictionaryServices
0x000000019896f000 	/System/Library/Frameworks/CoreServices.framework/Versions/A/Frameworks/SharedFileList.framework/Versions/A/SharedFileList
0x000000019e140000 	/usr/lib/libapple_nghttp2.dylib
0x000000019600c000 	/usr/lib/libsqlite3.dylib
0x00000001961f5000 	/System/Library/Frameworks/Accounts.framework/Versions/A/Accounts
0x00000001aa9e7000 	/System/Library/PrivateFrameworks/AppSupport.framework/Versions/A/AppSupport
0x00000001ba1e2000 	/System/Library/Frameworks/AVFoundation.framework/Versions/A/AVFoundation
0x00000001a2502000 	/System/Library/Frameworks/GSS.framework/Versions/A/GSS
0x0000000196389000 	/System/Library/PrivateFrameworks/RunningBoardServices.framework/Versions/A/RunningBoardServices
0x00000001ab2f9000 	/System/Library/PrivateFrameworks/StreamingZip.framework/Versions/A/StreamingZip
0x0000000196484000 	/System/Library/Frameworks/Network.framework/Versions/A/Network
0x000000019defc000 	/usr/lib/system/libkxld.dylib
0x0000000241f7b000 	/System/Library/PrivateFrameworks/AppleKeyStore.framework/Versions/A/AppleKeyStore
0x0000000290e99000 	/usr/lib/libCoreEntitlements.dylib
0x0000000266f7d000 	/System/Library/PrivateFrameworks/MessageSecurity.framework/Versions/A/MessageSecurity
0x0000000195ff0000 	/System/Library/PrivateFrameworks/ProtocolBuffer.framework/Versions/A/ProtocolBuffer
0x00000001a77a8000 	/System/Library/PrivateFrameworks/SymptomDiagnosticReporter.framework/Versions/A/SymptomDiagnosticReporter
0x000000019f678000 	/System/Library/PrivateFrameworks/CrashReporterSupport.framework/Versions/A/CrashReporterSupport
0x000000019d915000 	/System/Library/PrivateFrameworks/AppleFSCompression.framework/Versions/A/AppleFSCompression
0x000000019d19f000 	/usr/lib/libcoretls.dylib
0x000000019f4a9000 	/usr/lib/libcoretls_cfhelpers.dylib
0x000000019e182000 	/usr/lib/libpam.2.dylib
0x000000019f51f000 	/usr/lib/libxar.1.dylib
0x000000019f4ab000 	/System/Library/PrivateFrameworks/APFS.framework/Versions/A/APFS
0x000000027ef1a000 	/System/Library/PrivateFrameworks/SwiftASN1Internal.framework/Versions/A/SwiftASN1Internal
0x000000019f52e000 	/usr/lib/libutil.dylib
0x000000019bb3e000 	/System/Library/PrivateFrameworks/AppleSystemInfo.framework/Versions/A/AppleSystemInfo
0x000000019ce66000 	/System/Library/PrivateFrameworks/IOMobileFramebuffer.framework/Versions/A/IOMobileFramebuffer
0x00000001aa105000 	/System/Library/PrivateFrameworks/CoreWiFi.framework/Versions/A/CoreWiFi
0x00000001bb2e0000 	/System/Library/PrivateFrameworks/LoggingSupport.framework/Versions/A/LoggingSupport
0x00000001a2565000 	/System/Library/PrivateFrameworks/MobileAsset.framework/Versions/A/MobileAsset
0x00000001a77b8000 	/System/Library/PrivateFrameworks/PowerLog.framework/Versions/A/PowerLog
0x00000001a8c7a000 	/System/Library/PrivateFrameworks/Rapport.framework/Versions/A/Rapport
0x000000023ab9e000 	/System/Library/Frameworks/SwiftData.framework/Versions/A/SwiftData
0x0000000198b8f000 	/System/Library/PrivateFrameworks/UserManagement.framework/Versions/A/UserManagement
0x0000000194391000 	/usr/lib/libboringssl.dylib
0x0000000196469000 	/usr/lib/libdns_services.dylib
0x00000001ba316000 	/usr/lib/libquic.dylib
0x00000001a1761000 	/usr/lib/libusrtcp.dylib
0x0000000242e34000 	/System/Library/PrivateFrameworks/AtomicsInternal.framework/Versions/A/AtomicsInternal
0x00000001e15a7000 	/System/Library/PrivateFrameworks/InternalSwiftProtobuf.framework/Versions/A/InternalSwiftProtobuf
0x00000002928e7000 	/usr/lib/swift/libswiftDistributed.dylib
0x000000019bb3c000 	/System/Library/PrivateFrameworks/AggregateDictionary.framework/Versions/A/AggregateDictionary
0x0000000243662000 	/System/Library/PrivateFrameworks/BiomeLibrary.framework/Versions/A/BiomeLibrary
0x00000001ca42a000 	/System/Library/PrivateFrameworks/BiomeStreams.framework/Versions/A/BiomeStreams
0x00000001c6490000 	/System/Library/PrivateFrameworks/BiomeFoundation.framework/Versions/A/BiomeFoundation
0x00000001d06ac000 	/System/Library/PrivateFrameworks/BiomePubSub.framework/Versions/A/BiomePubSub
0x00000001ac2dc000 	/System/Library/PrivateFrameworks/ProactiveSupport.framework/Versions/A/ProactiveSupport
0x000000023cbf9000 	/System/Library/Frameworks/_LocationEssentials.framework/Versions/A/_LocationEssentials
0x000000019f48a000 	/usr/lib/liblzma.5.dylib
0x00000001aacfb000 	/System/Library/PrivateFrameworks/InternationalTextSearch.framework/Versions/A/InternationalTextSearch
0x00000001c296c000 	/System/Library/PrivateFrameworks/SoftwareUpdateCoreSupport.framework/Versions/A/SoftwareUpdateCoreSupport
0x00000001caec8000 	/System/Library/PrivateFrameworks/SoftwareUpdateCoreConnect.framework/Versions/A/SoftwareUpdateCoreConnect
0x00000001aa89f000 	/System/Library/PrivateFrameworks/RemoteServiceDiscovery.framework/Versions/A/RemoteServiceDiscovery
0x00000001c2544000 	/System/Library/PrivateFrameworks/MSUDataAccessor.framework/Versions/A/MSUDataAccessor
0x00000001bd4ac000 	/usr/lib/libbootpolicy.dylib
0x00000001aa8b6000 	/System/Library/PrivateFrameworks/RemoteXPC.framework/Versions/A/RemoteXPC
0x00000001ca2fe000 	/usr/lib/libFDR.dylib
0x00000001d02ae000 	/usr/lib/libamsupport.dylib
0x000000029118f000 	/usr/lib/libReverseProxyDevice.dylib
0x00000002417eb000 	/System/Library/PrivateFrameworks/AppleDeviceQuerySupport.framework/Versions/A/AppleDeviceQuerySupport
0x00000001d3470000 	/usr/lib/libpartition2_dynamic.dylib
0x000000019e11c000 	/System/Library/PrivateFrameworks/AppleSauce.framework/Versions/A/AppleSauce
0x0000000290d44000 	/usr/lib/libAppleArchive.dylib
0x000000019d921000 	/usr/lib/libbz2.1.0.dylib
0x0000000197dd7000 	/System/Library/Frameworks/Accelerate.framework/Versions/A/Frameworks/vImage.framework/Versions/A/vImage
0x00000001a6608000 	/System/Library/Frameworks/Accelerate.framework/Versions/A/Frameworks/vecLib.framework/Versions/A/vecLib
0x000000019f565000 	/System/Library/Frameworks/Accelerate.framework/Versions/A/Frameworks/vecLib.framework/Versions/A/libvMisc.dylib
0x000000018ebb4000 	/System/Library/Frameworks/Accelerate.framework/Versions/A/Frameworks/vecLib.framework/Versions/A/libBLAS.dylib
0x0000000198acd000 	/System/Library/Frameworks/CoreVideo.framework/Versions/A/CoreVideo
0x00000001a2119000 	/System/Library/Frameworks/ApplicationServices.framework/Versions/A/Frameworks/ATS.framework/Versions/A/ATS
0x00000001a07ea000 	/System/Library/Frameworks/ApplicationServices.framework/Versions/A/Frameworks/PrintCore.framework/Versions/A/PrintCore
0x00000001a24cb000 	/System/Library/Frameworks/ApplicationServices.framework/Versions/A/Frameworks/QD.framework/Versions/A/QD
0x00000001a24c6000 	/System/Library/Frameworks/ApplicationServices.framework/Versions/A/Frameworks/ColorSyncLegacy.framework/Versions/A/ColorSyncLegacy
0x00000001a20eb000 	/System/Library/Frameworks/ApplicationServices.framework/Versions/A/Frameworks/SpeechSynthesis.framework/Versions/A/SpeechSynthesis
0x000000019ac26000 	/System/Library/PrivateFrameworks/FontServices.framework/libFontParser.dylib
0x00000001aa5c7000 	/System/Library/PrivateFrameworks/BackBoardServices.framework/Versions/A/BackBoardServices
0x0000000243567000 	/System/Library/PrivateFrameworks/BackBoardHIDEventFoundation.framework/Versions/A/BackBoardHIDEventFoundation
0x0000000190b50000 	/System/Library/Frameworks/CoreDisplay.framework/Versions/A/CoreDisplay
0x00000001a0143000 	/System/Library/Frameworks/VideoToolbox.framework/Versions/A/VideoToolbox
0x000000019e180000 	/System/Library/Frameworks/MetalPerformanceShaders.framework/Versions/A/MetalPerformanceShaders
0x00000002717a4000 	/System/Library/PrivateFrameworks/ProDisplayLibrary.framework/Versions/A/ProDisplayLibrary
0x00000001ae3f8000 	/System/Library/PrivateFrameworks/IOSurfaceAccelerator.framework/Versions/A/IOSurfaceAccelerator
0x000000019a775000 	/System/Library/PrivateFrameworks/IOAccelerator.framework/Versions/A/IOAccelerator
0x000000019aa84000 	/System/Library/Frameworks/CoreMedia.framework/Versions/A/CoreMedia
0x00000001948d5000 	/System/Library/PrivateFrameworks/TCC.framework/Versions/A/TCC
0x00000001a00fb000 	/System/Library/PrivateFrameworks/WatchdogClient.framework/Versions/A/WatchdogClient
0x00000001bb3fe000 	/usr/lib/swift/libswiftCoreAudio.dylib
0x00000001d73d1000 	/usr/lib/swift/libswiftCoreMedia.dylib
0x0000000292a7a000 	/usr/lib/swift/libswiftVideoToolbox.dylib
0x00000001d070d000 	/System/Library/PrivateFrameworks/BiomeStorage.framework/Versions/A/BiomeStorage
0x000000025fcc1000 	/System/Library/PrivateFrameworks/IntelligencePlatformLibrary.framework/Versions/A/IntelligencePlatformLibrary
0x0000000270568000 	/System/Library/PrivateFrameworks/PoirotSchematizer.framework/Versions/A/PoirotSchematizer
0x0000000243f15000 	/System/Library/PrivateFrameworks/BiomeSync.framework/Versions/A/BiomeSync
0x0000000243648000 	/System/Library/PrivateFrameworks/BiomeDSL.framework/Versions/A/BiomeDSL
0x00000002705d6000 	/System/Library/PrivateFrameworks/PoirotUDFs.framework/Versions/A/PoirotUDFs
0x0000000292b22000 	/usr/lib/swift/libswift_DarwinFoundation2.dylib
0x0000000292b23000 	/usr/lib/swift/libswift_DarwinFoundation3.dylib
0x00000001a8c6f000 	/System/Library/PrivateFrameworks/CoreTime.framework/Versions/A/CoreTime
0x000000019df9a000 	/usr/lib/libiconv.2.dylib
0x000000019def7000 	/usr/lib/libcharset.1.dylib
0x000000027052b000 	/System/Library/PrivateFrameworks/PoirotSQLite.framework/Versions/A/PoirotSQLite
0x0000000292b24000 	/usr/lib/swift/libswift_RegexParser.dylib
0x000000024554b000 	/System/Library/PrivateFrameworks/CascadeSets.framework/Versions/A/CascadeSets
0x00000001a26dc000 	/System/Library/PrivateFrameworks/CorePhoneNumbers.framework/Versions/A/CorePhoneNumbers
0x000000019fef5000 	/System/Library/PrivateFrameworks/AppleJPEG.framework/Versions/A/AppleJPEG
0x000000019f8cf000 	/usr/lib/libexpat.1.dylib
0x00000001a06c0000 	/System/Library/Frameworks/ImageIO.framework/Versions/A/Resources/libPng.dylib
0x00000001a06eb000 	/System/Library/Frameworks/ImageIO.framework/Versions/A/Resources/libTIFF.dylib
0x00000001a07d3000 	/System/Library/Frameworks/ImageIO.framework/Versions/A/Resources/libGIF.dylib
0x000000019ff3a000 	/System/Library/Frameworks/ImageIO.framework/Versions/A/Resources/libJP2.dylib
0x00000001a077a000 	/System/Library/Frameworks/ImageIO.framework/Versions/A/Resources/libJPEG.dylib
0x00000001a0771000 	/System/Library/Frameworks/ImageIO.framework/Versions/A/Resources/libRadiance.dylib
0x0000000255978000 	/System/Library/PrivateFrameworks/GPUCompiler.framework/Versions/32023/Libraries/libllvm-flatbuffers.dylib
0x00000002503d7000 	/System/Library/PrivateFrameworks/FramePacing.framework/Versions/A/FramePacing
0x00000002335ea000 	/System/Library/Frameworks/OpenGL.framework/Versions/A/Libraries/libCoreFSCache.dylib
0x0000000251505000 	/System/Library/PrivateFrameworks/GPUCompiler.framework/Versions/32023/Libraries/libGPUCompilerUtils.dylib
0x00000001a87c7000 	/System/Library/PrivateFrameworks/GraphicsServices.framework/Versions/A/GraphicsServices
0x0000000233649000 	/System/Library/Frameworks/OpenGL.framework/Versions/A/Libraries/libGLU.dylib
0x000000023360c000 	/System/Library/Frameworks/OpenGL.framework/Versions/A/Libraries/libGFXShared.dylib
0x00000002337d9000 	/System/Library/Frameworks/OpenGL.framework/Versions/A/Libraries/libGL.dylib
0x0000000233615000 	/System/Library/Frameworks/OpenGL.framework/Versions/A/Libraries/libGLImage.dylib
0x0000000233609000 	/System/Library/Frameworks/OpenGL.framework/Versions/A/Libraries/libCVMSPluginSupport.dylib
0x00000002335f2000 	/System/Library/Frameworks/OpenGL.framework/Versions/A/Libraries/libCoreVMClient.dylib
0x00000001a076c000 	/System/Library/PrivateFrameworks/GPUWrangler.framework/Versions/A/GPUWrangler
0x00000001a074c000 	/System/Library/PrivateFrameworks/IOPresentment.framework/Versions/A/IOPresentment
0x00000001a0774000 	/System/Library/PrivateFrameworks/DSExternalDisplay.framework/Versions/A/DSExternalDisplay
0x0000000286add000 	/System/Library/PrivateFrameworks/VideoToolboxParavirtualizationSupport.framework/Versions/A/VideoToolboxParavirtualizationSupport
0x000000019f886000 	/System/Library/PrivateFrameworks/AppleVA.framework/Versions/A/AppleVA
0x0000000235674000 	/System/Library/Frameworks/ExtensionFoundation.framework/Versions/A/ExtensionFoundation
0x00000001a07d9000 	/System/Library/PrivateFrameworks/CMCaptureCore.framework/Versions/A/CMCaptureCore
0x000000019fb52000 	/System/Library/PrivateFrameworks/AppServerSupport.framework/Versions/A/AppServerSupport
0x00000001a24d4000 	/System/Library/PrivateFrameworks/perfdata.framework/Versions/A/perfdata
0x0000000190c71000 	/System/Library/PrivateFrameworks/AudioToolboxCore.framework/Versions/A/AudioToolboxCore
0x000000019aa5a000 	/System/Library/PrivateFrameworks/caulk.framework/Versions/A/caulk
0x00000001a20d1000 	/usr/lib/libAudioStatistics.dylib
0x00000001ba40b000 	/System/Library/PrivateFrameworks/SystemPolicy.framework/Versions/A/SystemPolicy
0x00000001a2379000 	/usr/lib/libSMC.dylib
0x00000001c1d58000 	/usr/lib/swift/libswiftCoreMIDI.dylib
0x00000001ad6ea000 	/System/Library/Frameworks/CoreMIDI.framework/Versions/A/CoreMIDI
0x00000001a069a000 	/usr/lib/libAudioToolboxUtility.dylib
0x00000001a24e2000 	/usr/lib/libperfcheck.dylib
0x0000000242f03000 	/System/Library/PrivateFrameworks/AudioAnalytics.framework/Versions/A/AudioAnalytics
0x00000001e1295000 	/System/Library/Frameworks/OSLog.framework/Versions/A/OSLog
0x000000026bfde000 	/System/Library/PrivateFrameworks/OSEligibility.framework/Versions/A/OSEligibility
0x0000000236a58000 	/System/Library/Frameworks/LightweightCodeRequirements.framework/Versions/A/LightweightCodeRequirements
0x000000019f7cf000 	/System/Library/PrivateFrameworks/PlugInKit.framework/Versions/A/PlugInKit
0x000000019d0b0000 	/System/Library/PrivateFrameworks/AssertionServices.framework/Versions/A/AssertionServices
0x000000019f8f4000 	/System/Library/PrivateFrameworks/IconFoundation.framework/Versions/A/IconFoundation
0x000000025c84f000 	/System/Library/PrivateFrameworks/IconRendering.framework/Versions/A/IconRendering
0x00000002739b9000 	/System/Library/PrivateFrameworks/SFSymbols.framework/Versions/A/SFSymbols
0x000000019fb02000 	/System/Library/PrivateFrameworks/GraphVisualizer.framework/Versions/A/GraphVisualizer
0x00000002502e2000 	/System/Library/PrivateFrameworks/FontServices.framework/Versions/A/FontServices
0x000000019fb12000 	/System/Library/PrivateFrameworks/OTSVG.framework/Versions/A/OTSVG
0x0000000198612000 	/System/Library/Frameworks/ApplicationServices.framework/Versions/A/Frameworks/ATS.framework/Versions/A/Resources/libFontRegistry.dylib
0x0000000291c57000 	/usr/lib/libhvf.dylib
0x000000026cc6a000 	/System/Library/PrivateFrameworks/ParsingInternal.framework/Versions/A/ParsingInternal
0x00000002502e6000 	/System/Library/PrivateFrameworks/FontServices.framework/libXTFontStaticRegistryData.dylib
0x000000019ba76000 	/System/Library/Frameworks/MetalPerformanceShaders.framework/Versions/A/Frameworks/MPSCore.framework/Versions/A/MPSCore
0x000000019d880000 	/System/Library/Frameworks/MetalPerformanceShaders.framework/Versions/A/Frameworks/MPSImage.framework/Versions/A/MPSImage
0x000000019d23f000 	/System/Library/Frameworks/MetalPerformanceShaders.framework/Versions/A/Frameworks/MPSNeuralNetwork.framework/Versions/A/MPSNeuralNetwork
0x000000019d67e000 	/System/Library/Frameworks/MetalPerformanceShaders.framework/Versions/A/Frameworks/MPSMatrix.framework/Versions/A/MPSMatrix
0x000000019d496000 	/System/Library/Frameworks/MetalPerformanceShaders.framework/Versions/A/Frameworks/MPSRayIntersector.framework/Versions/A/MPSRayIntersector
0x000000019d6b0000 	/System/Library/Frameworks/MetalPerformanceShaders.framework/Versions/A/Frameworks/MPSNDArray.framework/Versions/A/MPSNDArray
0x00000002378dd000 	/System/Library/Frameworks/MetalPerformanceShaders.framework/Versions/A/Frameworks/MPSFunctions.framework/Versions/A/MPSFunctions
0x00000002378be000 	/System/Library/Frameworks/MetalPerformanceShaders.framework/Versions/A/Frameworks/MPSBenchmarkLoop.framework/Versions/A/MPSBenchmarkLoop
0x00000002378f1000 	/System/Library/Frameworks/MetalPerformanceShaders.framework/Versions/A/Frameworks/MPSHost.framework/Versions/A/MPSHost
0x000000018e9cb000 	/System/Library/PrivateFrameworks/MetalTools.framework/Versions/A/MetalTools
0x00000001c0695000 	/System/Library/PrivateFrameworks/IOAccelMemoryInfo.framework/Versions/A/IOAccelMemoryInfo
0x00000001ceba6000 	/System/Library/PrivateFrameworks/kperf.framework/Versions/A/kperf
0x00000001bb3fa000 	/System/Library/PrivateFrameworks/GPURawCounter.framework/Versions/A/GPURawCounter
0x00000001ac467000 	/System/Library/PrivateFrameworks/ASEProcessing.framework/Versions/A/ASEProcessing
0x00000001dcc53000 	/System/Library/PrivateFrameworks/Symbolication.framework/Versions/A/Symbolication
0x0000000270117000 	/System/Library/PrivateFrameworks/PhotosensitivityProcessing.framework/Versions/A/PhotosensitivityProcessing
0x0000000273a3f000 	/System/Library/PrivateFrameworks/SILManager.framework/Versions/A/SILManager
0x00000001a8b12000 	/System/Library/PrivateFrameworks/CoreSymbolication.framework/Versions/A/CoreSymbolication
0x00000001bb36f000 	/System/Library/PrivateFrameworks/MallocStackLogging.framework/Versions/A/MallocStackLogging
0x00000001a8af0000 	/System/Library/PrivateFrameworks/DebugSymbols.framework/Versions/A/DebugSymbols
0x00000001cd319000 	/System/Library/PrivateFrameworks/OSAnalytics.framework/Versions/A/OSAnalytics
0x000000024e044000 	/System/Library/PrivateFrameworks/DeviceRecovery.framework/Versions/A/DeviceRecovery
0x000000028236d000 	/System/Library/PrivateFrameworks/Tightbeam.framework/Versions/A/Tightbeam
0x00000001d39dd000 	/System/Library/PrivateFrameworks/AFKUser.framework/Versions/A/AFKUser
0x000000019dcee000 	/System/Library/Frameworks/UserNotifications.framework/Versions/A/UserNotifications
0x00000001c0e2a000 	/System/Library/PrivateFrameworks/SiriInstrumentation.framework/Versions/A/SiriInstrumentation
0x0000000275e9a000 	/System/Library/PrivateFrameworks/SiriAnalytics.framework/Versions/A/SiriAnalytics
0x00000001be592000 	/System/Library/PrivateFrameworks/FeedbackLogger.framework/Versions/A/FeedbackLogger
0x00000001d8e1d000 	/usr/lib/swift/libswiftAVFoundation.dylib
0x0000000284b95000 	/System/Library/PrivateFrameworks/UnifiedAssetFramework.framework/Versions/A/UnifiedAssetFramework
0x00000001a2050000 	/System/Library/PrivateFrameworks/AudioSession.framework/Versions/A/AudioSession
0x000000019fa13000 	/System/Library/PrivateFrameworks/MediaExperience.framework/Versions/A/MediaExperience
0x00000001a1e25000 	/System/Library/PrivateFrameworks/AudioSession.framework/libSessionUtility.dylib
0x00000001a769d000 	/System/Library/Frameworks/CoreBluetooth.framework/Versions/A/CoreBluetooth
0x000000019cf23000 	/System/Library/PrivateFrameworks/CoreUtils.framework/Versions/A/CoreUtils
0x00000001b32a0000 	/System/Library/PrivateFrameworks/HID.framework/Versions/A/HID
0x000000024cf5d000 	/System/Library/PrivateFrameworks/CoreUtilsExtras.framework/Versions/A/CoreUtilsExtras
0x000000025c7a4000 	/System/Library/PrivateFrameworks/IO80211.framework/Versions/A/IO80211
0x00000001a4013000 	/System/Library/Frameworks/IOBluetooth.framework/Versions/A/IOBluetooth
0x000000029292f000 	/usr/lib/swift/libswiftRegexBuilder.dylib
0x000000019f66f000 	/usr/lib/libIOReport.dylib
0x00000001e97f4000 	/System/Library/PrivateFrameworks/WiFiPeerToPeer.framework/Versions/A/WiFiPeerToPeer
0x000000019d0bf000 	/System/Library/Frameworks/SecurityFoundation.framework/Versions/A/SecurityFoundation
0x00000002455ff000 	/System/Library/PrivateFrameworks/Centauri.framework/Versions/A/Centauri
0x000000018f3af000 	/System/Library/PrivateFrameworks/Lexicon.framework/Versions/A/Lexicon
0x00000002920a7000 	/usr/lib/libmrc.dylib
0x000000025c80f000 	/System/Library/PrivateFrameworks/IPConfiguration.framework/Versions/A/IPConfiguration
0x00000001dd42a000 	/System/Library/PrivateFrameworks/Netrb.framework/Versions/A/Netrb
0x000000019d228000 	/usr/lib/libgermantok.dylib
0x000000019bc65000 	/System/Library/PrivateFrameworks/LinguisticData.framework/Versions/A/LinguisticData
0x00000001a78a6000 	/System/Library/PrivateFrameworks/MediaKit.framework/Versions/A/MediaKit
0x00000001a77f4000 	/System/Library/Frameworks/DiscRecording.framework/Versions/A/DiscRecording
0x000000019f8ea000 	/usr/lib/libheimdal-asn1.dylib
0x00000001ab2cf000 	/System/Library/Frameworks/AudioUnit.framework/Versions/A/AudioUnit
0x000000019892a000 	/System/Library/Frameworks/OpenDirectory.framework/Versions/A/OpenDirectory
0x0000000198938000 	/System/Library/Frameworks/OpenDirectory.framework/Versions/A/Frameworks/CFOpenDirectory.framework/Versions/A/CFOpenDirectory
0x00000001a43bb000 	/System/Library/PrivateFrameworks/GeoServices.framework/Versions/A/GeoServices
0x00000001a1deb000 	/System/Library/PrivateFrameworks/LocationSupport.framework/Versions/A/LocationSupport
0x00000002594cb000 	/System/Library/PrivateFrameworks/GeoServicesCore.framework/Versions/A/GeoServicesCore
0x00000001b41a4000 	/System/Library/PrivateFrameworks/PhoneNumbers.framework/Versions/A/PhoneNumbers
0x0000000261c53000 	/System/Library/PrivateFrameworks/LocationLogEncryption.framework/Versions/A/LocationLogEncryption
0x0000000233b65000 	/System/Library/Frameworks/AVFAudio.framework/Versions/A/AVFAudio
0x0000000233ca9000 	/System/Library/Frameworks/AVRouting.framework/Versions/A/AVRouting
0x00000001b42bc000 	/usr/lib/libAccessibility.dylib
0x000000026063d000 	/System/Library/PrivateFrameworks/IsolatedCoreAudioClient.framework/Versions/A/IsolatedCoreAudioClient
0x0000000248d95000 	/System/Library/PrivateFrameworks/CoreAudioOrchestration.framework/Versions/A/CoreAudioOrchestration
0x00000001a0cc1000 	/System/Library/Frameworks/MediaToolbox.framework/Versions/A/MediaToolbox
0x00000001a79cc000 	/System/Library/PrivateFrameworks/CoreAVCHD.framework/Versions/A/CoreAVCHD
0x00000001a68fb000 	/System/Library/Frameworks/MediaAccessibility.framework/Versions/A/MediaAccessibility
0x00000001a79c8000 	/System/Library/PrivateFrameworks/Mangrove.framework/Versions/A/Mangrove
0x0000000244c3b000 	/System/Library/PrivateFrameworks/CMPhoto.framework/Versions/A/CMPhoto
0x00000001a8195000 	/System/Library/Frameworks/CoreTelephony.framework/Versions/A/CoreTelephony
0x00000001a79bb000 	/System/Library/PrivateFrameworks/CoreAUC.framework/Versions/A/CoreAUC
0x0000000241dac000 	/System/Library/PrivateFrameworks/AppleJPEGXL.framework/Versions/A/AppleJPEGXL
0x00000001a26ec000 	/usr/lib/libTelephonyUtilDynamic.dylib
0x00000001e4386000 	/System/Library/Frameworks/CryptoKit.framework/Versions/A/CryptoKit
0x00000001ab2ca000 	/System/Library/PrivateFrameworks/CryptoKitCBridging.framework/Versions/A/CryptoKitCBridging
0x00000001a87d9000 	/System/Library/Frameworks/CryptoTokenKit.framework/Versions/A/CryptoTokenKit
0x000000024dab5000 	/System/Library/PrivateFrameworks/Dendrite.framework/Versions/A/Dendrite
0x00000001bafa2000 	/System/Library/Frameworks/NaturalLanguage.framework/Versions/A/NaturalLanguage
0x00000001e977c000 	/usr/lib/swift/libswiftNaturalLanguage.dylib
0x0000000242922000 	/System/Library/PrivateFrameworks/AppleMobileFileIntegrity.framework/Versions/A/AppleMobileFileIntegrity
0x0000000291206000 	/usr/lib/libTLE.dylib
0x00000001bb3a1000 	/usr/lib/libmis.dylib
0x00000001f2e83000 	/System/Library/PrivateFrameworks/ConfigProfileHelper.framework/Versions/A/ConfigProfileHelper
0x00000001ab459000 	/System/Library/PrivateFrameworks/Espresso.framework/Versions/A/Espresso
0x00000001990b9000 	/System/Library/Frameworks/CoreML.framework/Versions/A/CoreML
0x00000001e7639000 	/usr/lib/libedit.3.dylib
0x0000000230974000 	/System/Library/PrivateFrameworks/ANECompiler.framework/Versions/A/ANECompiler
0x00000001ad52e000 	/System/Library/PrivateFrameworks/AppleNeuralEngine.framework/Versions/A/AppleNeuralEngine
0x0000000261d71000 	/System/Library/PrivateFrameworks/MIL.framework/Versions/A/MIL
0x00000002378f7000 	/System/Library/Frameworks/MetalPerformanceShadersGraph.framework/Versions/A/MetalPerformanceShadersGraph
0x00000002624e0000 	/System/Library/PrivateFrameworks/MLCompilerServices.framework/Versions/A/MLCompilerServices
0x00000001ac2ab000 	/System/Library/PrivateFrameworks/ANEServices.framework/Versions/A/ANEServices
0x00000001c0658000 	/usr/lib/libncurses.5.4.dylib
0x0000000192566000 	/usr/lib/libsandbox.1.dylib
0x000000019f810000 	/usr/lib/libMatch.1.dylib
0x000000026bd60000 	/System/Library/PrivateFrameworks/ODIE.framework/Versions/A/ODIE
0x000000026516d000 	/System/Library/PrivateFrameworks/MLModelAsset.framework/Versions/A/MLModelAsset
0x0000000262486000 	/System/Library/PrivateFrameworks/MLCompilerRuntime.framework/Versions/A/MLCompilerRuntime
0x000000019d4eb000 	/System/Library/Frameworks/MLCompute.framework/Versions/A/MLCompute
0x0000000262408000 	/System/Library/PrivateFrameworks/MLAssetIO.framework/Versions/A/MLAssetIO
0x0000000292901000 	/usr/lib/swift/libswiftMLCompute.dylib
0x00000001a83b0000 	/System/Library/PrivateFrameworks/AVFCore.framework/Versions/A/AVFCore
0x00000001b1bbe000 	/System/Library/PrivateFrameworks/AVFCapture.framework/Versions/A/AVFCapture
0x0000000244a32000 	/System/Library/PrivateFrameworks/CMImaging.framework/Versions/A/CMImaging
0x00000001b1e00000 	/System/Library/PrivateFrameworks/Quagga.framework/Versions/A/Quagga
0x00000001b1f31000 	/System/Library/PrivateFrameworks/CMCapture.framework/Versions/A/CMCapture
0x00000001a2276000 	/System/Library/Frameworks/CoreMediaIO.framework/Versions/A/CoreMediaIO
0x000000024496d000 	/System/Library/PrivateFrameworks/CMCaptureDevice.framework/Versions/A/CMCaptureDevice
0x000000019fc4b000 	/System/Library/PrivateFrameworks/CoreBrightness.framework/Versions/A/CoreBrightness
0x0000000245af6000 	/System/Library/PrivateFrameworks/CinematicFraming.framework/Versions/A/CinematicFraming
0x0000000268248000 	/System/Library/PrivateFrameworks/ModelManagerServices.framework/Versions/A/ModelManagerServices
0x00000001d5e87000 	/System/Library/PrivateFrameworks/CPMS.framework/Versions/A/CPMS
0x000000027fa95000 	/System/Library/PrivateFrameworks/SystemStatus.framework/Versions/A/SystemStatus
0x00000001b9de0000 	/System/Library/Frameworks/CoreMotion.framework/Versions/A/CoreMotion
0x00000001ca3a9000 	/System/Library/PrivateFrameworks/TimeSync.framework/Versions/A/TimeSync
0x000000024e47b000 	/System/Library/PrivateFrameworks/DistributedSensing.framework/Versions/A/DistributedSensing
0x00000001c57a0000 	/System/Library/PrivateFrameworks/MobileBluetooth.framework/Versions/A/MobileBluetooth
0x00000001cc066000 	/System/Library/PrivateFrameworks/IOKitten.framework/Versions/A/IOKitten
0x0000000241c26000 	/System/Library/PrivateFrameworks/AppleIntelligenceReporting.framework/Versions/A/AppleIntelligenceReporting
0x000000019ce32000 	/System/Library/PrivateFrameworks/CoreEmoji.framework/Versions/A/CoreEmoji
0x000000018f6c1000 	/usr/lib/libCRFSuite.dylib
0x00000001909a1000 	/System/Library/PrivateFrameworks/LanguageModeling.framework/Versions/A/LanguageModeling
0x000000019bb45000 	/System/Library/PrivateFrameworks/CoreNLP.framework/Versions/A/CoreNLP
0x0000000195917000 	/System/Library/PrivateFrameworks/Montreal.framework/Versions/A/Montreal
0x000000019dfa2000 	/usr/lib/libcmph.dylib
0x000000019d1c9000 	/usr/lib/libmecab.dylib
0x000000019e113000 	/usr/lib/libThaiTokenizer.dylib
0x00000002592b0000 	/System/Library/PrivateFrameworks/GenerativeModelsFoundation.framework/Versions/A/GenerativeModelsFoundation
0x0000000282872000 	/System/Library/PrivateFrameworks/TokenGeneration.framework/Versions/A/TokenGeneration
0x0000000259084000 	/System/Library/PrivateFrameworks/GenerativeFunctions.framework/Versions/A/GenerativeFunctions
0x00000002590d2000 	/System/Library/PrivateFrameworks/GenerativeFunctionsFoundation.framework/Versions/A/GenerativeFunctionsFoundation
0x0000000267f0e000 	/System/Library/PrivateFrameworks/ModelCatalog.framework/Versions/A/ModelCatalog
0x00000002750b4000 	/System/Library/PrivateFrameworks/SensitiveContentAnalysisML.framework/Versions/A/SensitiveContentAnalysisML
0x0000000259168000 	/System/Library/PrivateFrameworks/GenerativeFunctionsInstrumentation.framework/Versions/A/GenerativeFunctionsInstrumentation
0x0000000271f2c000 	/System/Library/PrivateFrameworks/PromptKit.framework/Versions/A/PromptKit
0x0000000271943000 	/System/Library/PrivateFrameworks/ProactiveDaemonSupport.framework/Versions/A/ProactiveDaemonSupport
0x0000000282aaa000 	/System/Library/PrivateFrameworks/TokenGenerationCore.framework/Versions/A/TokenGenerationCore
0x00000001bbe6d000 	/System/Library/PrivateFrameworks/Trial.framework/Versions/A/Trial
0x00000001bbdee000 	/System/Library/PrivateFrameworks/TrialProto.framework/Versions/A/TrialProto
0x0000000241852000 	/System/Library/PrivateFrameworks/AppleFlatBuffers.framework/Versions/A/AppleFlatBuffers
0x0000000275384000 	/System/Library/PrivateFrameworks/SentencePieceInternal.framework/Versions/A/SentencePieceInternal
0x00000001a6955000 	/System/Library/Frameworks/Vision.framework/Versions/A/Vision
0x000000024cc3f000 	/System/Library/PrivateFrameworks/CoreSceneUnderstanding.framework/Versions/A/CoreSceneUnderstanding
0x00000002876ea000 	/System/Library/PrivateFrameworks/VisionCore.framework/Versions/A/VisionCore
0x00000001c472e000 	/System/Library/Frameworks/Vision.framework/libfaceCore.dylib
0x00000001c5248000 	/System/Library/PrivateFrameworks/Futhark.framework/Versions/A/Futhark
0x00000001c9186000 	/System/Library/PrivateFrameworks/InertiaCam.framework/Versions/A/InertiaCam
0x00000001c4fd5000 	/System/Library/PrivateFrameworks/TextRecognition.framework/Versions/A/TextRecognition
0x000000019f6ad000 	/System/Library/PrivateFrameworks/CVNLP.framework/Versions/A/CVNLP
0x00000001e177e000 	/System/Library/PrivateFrameworks/HIDDisplay.framework/Versions/A/HIDDisplay
0x00000001a07a5000 	/System/Library/Frameworks/ApplicationServices.framework/Versions/A/Frameworks/ATSUI.framework/Versions/A/ATSUI
0x00000001a245a000 	/usr/lib/libcups.2.dylib
0x00000001a24f0000 	/System/Library/Frameworks/Kerberos.framework/Versions/A/Kerberos
0x00000001a2161000 	/usr/lib/libresolv.9.dylib
0x000000019fb66000 	/System/Library/PrivateFrameworks/Heimdal.framework/Versions/A/Heimdal
0x00000001ab2ce000 	/System/Library/Frameworks/Kerberos.framework/Versions/A/Libraries/libHeimdalProxy.dylib
0x00000001a2554000 	/System/Library/PrivateFrameworks/CommonAuth.framework/Versions/A/CommonAuth
0x00000001b41b0000 	/System/Library/PrivateFrameworks/AXCoreUtilities.framework/Versions/A/AXCoreUtilities
0x0000000290d07000 	/usr/lib/libAXSafeCategoryBundle.dylib
0x000000023bc82000 	/System/Library/Frameworks/TabularData.framework/Versions/A/TabularData
0x0000000242ad2000 	/System/Library/PrivateFrameworks/ArgumentParserInternal.framework/Versions/A/ArgumentParserInternal
0x000000019ccf4000 	/System/Library/Frameworks/Accelerate.framework/Versions/A/Frameworks/vecLib.framework/Versions/A/libvDSP.dylib
0x000000019e262000 	/System/Library/Frameworks/Accelerate.framework/Versions/A/Frameworks/vecLib.framework/Versions/A/libLAPACK.dylib
0x000000019d22b000 	/System/Library/Frameworks/Accelerate.framework/Versions/A/Frameworks/vecLib.framework/Versions/A/libLinearAlgebra.dylib
0x000000019e159000 	/System/Library/Frameworks/Accelerate.framework/Versions/A/Frameworks/vecLib.framework/Versions/A/libSparseBLAS.dylib
0x000000019e25d000 	/System/Library/Frameworks/Accelerate.framework/Versions/A/Frameworks/vecLib.framework/Versions/A/libQuadrature.dylib
0x000000019bc6c000 	/System/Library/Frameworks/Accelerate.framework/Versions/A/Frameworks/vecLib.framework/Versions/A/libBNNS.dylib
0x000000018f4bf000 	/System/Library/Frameworks/Accelerate.framework/Versions/A/Frameworks/vecLib.framework/Versions/A/libSparse.dylib
0x00000001a24b9000 	/System/Library/PrivateFrameworks/NetAuth.framework/Versions/A/NetAuth
0x0000000198b4e000 	/System/Library/PrivateFrameworks/login.framework/Versions/A/Frameworks/loginsupport.framework/Versions/A/loginsupport
0x000000019d193000 	/usr/lib/libCheckFix.dylib
0x0000000197cd4000 	/System/Library/PrivateFrameworks/MetadataUtilities.framework/Versions/A/MetadataUtilities
0x000000025d296000 	/System/Library/PrivateFrameworks/InstalledContentLibrary.framework/Versions/A/InstalledContentLibrary
0x000000019242a000 	/System/Library/PrivateFrameworks/CoreServicesStore.framework/Versions/A/CoreServicesStore
0x00000001cecbd000 	/System/Library/PrivateFrameworks/MobileSystemServices.framework/Versions/A/MobileSystemServices
0x000000019f532000 	/usr/lib/libxslt.1.dylib
0x000000019d152000 	/System/Library/PrivateFrameworks/BackgroundTaskManagement.framework/Versions/A/BackgroundTaskManagement
0x00000001aa960000 	/usr/lib/libcurl.4.dylib
0x0000000291a0b000 	/usr/lib/libcrypto.46.dylib
0x00000002925aa000 	/usr/lib/libssl.48.dylib
0x00000001aa63a000 	/System/Library/Frameworks/LDAP.framework/Versions/A/LDAP
0x00000001aa676000 	/System/Library/PrivateFrameworks/TrustEvaluationAgent.framework/Versions/A/TrustEvaluationAgent
0x00000001a217e000 	/usr/lib/libsasl2.2.dylib
0x00000001b82b5000 	/usr/lib/swift/libswiftCoreGraphics.dylib
0x00000001a6fef000 	/usr/lib/swift/libswiftFoundation.dylib
0x00000001f2827000 	/usr/lib/swift/libswiftSwiftOnoneSupport.dylib
0x0000000292c58000 	/usr/lib/swift/libswiftsys_time.dylib
0x00000001dd468000 	/System/Library/PrivateFrameworks/CoreMaterial.framework/Versions/A/CoreMaterial
0x0000000291203000 	/usr/lib/libSpatial.dylib
0x0000000290c24000 	/System/Library/SubFrameworks/UIUtilities.framework/Versions/A/UIUtilities
0x000000010d018000 	/Users/eliassanchez/.gradle/jdks/eclipse_adoptium-17-aarch64-os_x.2/jdk-17.0.19+10/Contents/Home/lib/server/libjvm.dylib
0x0000000102d78000 	/Users/eliassanchez/.gradle/jdks/eclipse_adoptium-17-aarch64-os_x.2/jdk-17.0.19+10/Contents/Home/lib/libjimage.dylib
0x0000000102e00000 	/Users/eliassanchez/.gradle/jdks/eclipse_adoptium-17-aarch64-os_x.2/jdk-17.0.19+10/Contents/Home/lib/libjava.dylib
0x0000000102f1c000 	/Users/eliassanchez/.gradle/jdks/eclipse_adoptium-17-aarch64-os_x.2/jdk-17.0.19+10/Contents/Home/lib/libnio.dylib
0x0000000102f60000 	/Users/eliassanchez/.gradle/jdks/eclipse_adoptium-17-aarch64-os_x.2/jdk-17.0.19+10/Contents/Home/lib/libnet.dylib
0x0000000102fac000 	/Users/eliassanchez/.gradle/jdks/eclipse_adoptium-17-aarch64-os_x.2/jdk-17.0.19+10/Contents/Home/lib/libzip.dylib
0x0000000102f3c000 	/Users/eliassanchez/.openjfx/cache/17.0.10/libprism_es2.dylib
0x00000002337e3000 	/System/Library/Frameworks/OpenGL.framework/Versions/A/Resources/GLEngine.bundle/GLEngine
0x0000000233683000 	/System/Library/Frameworks/OpenGL.framework/Versions/A/Libraries/libGLProgrammability.dylib
0x0000000107f10000 	/System/Library/Extensions/AppleMetalOpenGLRenderer.bundle/Contents/MacOS/AppleMetalOpenGLRenderer
0x0000000233941000 	/System/Library/Frameworks/OpenGL.framework/Versions/A/Resources/GLRendererFloat.bundle/GLRendererFloat
0x0000000126704000 	/System/Library/Extensions/AGXMetal13_3.bundle/Contents/MacOS/AGXMetal13_3
0x00000001b32b4000 	/System/Library/PrivateFrameworks/IOGPU.framework/Versions/A/IOGPU
0x0000000107e38000 	/Users/eliassanchez/.openjfx/cache/17.0.10/libglass.dylib
0x0000000233e19000 	/System/Library/Frameworks/AppIntents.framework/Versions/A/AppIntents
0x000000023a3da000 	/System/Library/Frameworks/RelevanceKit.framework/Versions/A/RelevanceKit
0x000000019dd3f000 	/System/Library/Frameworks/CoreSpotlight.framework/Versions/A/CoreSpotlight
0x00000002617c8000 	/System/Library/PrivateFrameworks/LinkServices.framework/Versions/A/LinkServices
0x00000001a72b4000 	/System/Library/Frameworks/Contacts.framework/Versions/A/Contacts
0x000000024049c000 	/System/Library/PrivateFrameworks/AppIntentsTypeSupport.framework/Versions/A/AppIntentsTypeSupport
0x000000024e577000 	/System/Library/PrivateFrameworks/DoNotDisturb.framework/Versions/A/DoNotDisturb
0x0000000261616000 	/System/Library/PrivateFrameworks/LinkMetadata.framework/Versions/A/LinkMetadata
0x00000001bb425000 	/usr/lib/swift/libswiftIntents.dylib
0x00000001c07b2000 	/System/Library/PrivateFrameworks/IntentsCore.framework/Versions/A/IntentsCore
0x00000002433e2000 	/System/Library/PrivateFrameworks/AvailabilityKit.framework/Versions/A/AvailabilityKit
0x000000024007f000 	/System/Library/PrivateFrameworks/AppIntentSchemas.framework/Versions/A/AppIntentSchemas
0x0000000235f66000 	/System/Library/Frameworks/GeoToolbox.framework/Versions/A/GeoToolbox
0x0000000255f16000 	/System/Library/PrivateFrameworks/GRDBInternal.framework/Versions/A/GRDBInternal
0x000000027e601000 	/System/Library/PrivateFrameworks/StatusKit.framework/Versions/A/StatusKit
0x00000001a70cb000 	/System/Library/PrivateFrameworks/ContactsPersistence.framework/Versions/A/ContactsPersistence
0x00000001a621f000 	/System/Library/PrivateFrameworks/AppleLDAP.framework/Versions/A/AppleLDAP
0x00000001aacfe000 	/System/Library/Frameworks/ClassKit.framework/Versions/A/ClassKit
0x00000001acfad000 	/System/Library/PrivateFrameworks/CoreSuggestions.framework/Versions/A/CoreSuggestions
0x00000001a6ff0000 	/System/Library/PrivateFrameworks/ContactsFoundation.framework/Versions/A/ContactsFoundation
0x00000001a8787000 	/System/Library/PrivateFrameworks/vCard.framework/Versions/A/vCard
0x0000000246f47000 	/System/Library/PrivateFrameworks/ContactsMetrics.framework/Versions/A/ContactsMetrics
0x000000019fc27000 	/System/Library/PrivateFrameworks/login.framework/Versions/A/login
0x0000000265bfc000 	/System/Library/PrivateFrameworks/ManagedOrganizationContacts.framework/Versions/A/ManagedOrganizationContacts
0x0000000198fe4000 	/System/Library/PrivateFrameworks/CloudDocs.framework/Versions/A/CloudDocs
0x00000001b3b64000 	/System/Library/PrivateFrameworks/ProactiveEventTracker.framework/Versions/A/ProactiveEventTracker
0x00000001a7bd1000 	/System/Library/PrivateFrameworks/GenerationalStorage.framework/Versions/A/GenerationalStorage
0x00000001a264a000 	/System/Library/PrivateFrameworks/CacheDelete.framework/Versions/A/CacheDelete
0x00000001ab40b000 	/System/Library/Frameworks/QuickLookThumbnailing.framework/Versions/A/QuickLookThumbnailing
0x00000001a79fa000 	/System/Library/Frameworks/FileProvider.framework/Versions/A/FileProvider
0x0000000193eb6000 	/System/Library/PrivateFrameworks/DesktopServicesPriv.framework/Versions/A/DesktopServicesPriv
0x00000001bae80000 	/System/Library/PrivateFrameworks/FTServices.framework/Versions/A/FTServices
0x00000001b3255000 	/System/Library/PrivateFrameworks/CloudServices.framework/Versions/A/CloudServices
0x000000019a49e000 	/System/Library/Frameworks/CoreLocation.framework/Versions/A/CoreLocation
0x00000001a9a8b000 	/System/Library/Frameworks/Intents.framework/Versions/A/Intents
0x000000019d967000 	/System/Library/PrivateFrameworks/AuthKit.framework/Versions/A/AuthKit
0x00000001c1d36000 	/usr/lib/swift/libswiftCoreLocation.dylib
0x00000001a3c0a000 	/System/Library/PrivateFrameworks/Sharing.framework/Versions/A/Sharing
0x00000001a358f000 	/System/Library/PrivateFrameworks/IDSFoundation.framework/Versions/A/IDSFoundation
0x00000001aa104000 	/System/Library/PrivateFrameworks/Apple80211.framework/Versions/A/Apple80211
0x000000019cea0000 	/System/Library/Frameworks/CoreWLAN.framework/Versions/A/CoreWLAN
0x00000001a1d72000 	/System/Library/PrivateFrameworks/IMFoundation.framework/Versions/A/IMFoundation
0x00000001b35c0000 	/System/Library/PrivateFrameworks/Marco.framework/Versions/A/Marco
0x0000000196280000 	/System/Library/PrivateFrameworks/CommonUtilities.framework/Versions/A/CommonUtilities
0x00000001affa5000 	/System/Library/PrivateFrameworks/Engram.framework/Versions/A/Engram
0x000000028b556000 	/System/Library/PrivateFrameworks/XPCDistributed.framework/Versions/A/XPCDistributed
0x00000001aff43000 	/usr/lib/libtidy.A.dylib
0x000000019fe7a000 	/System/Library/PrivateFrameworks/Bom.framework/Versions/A/Bom
0x00000001a219e000 	/usr/lib/libParallelCompression.dylib
0x00000001a2191000 	/System/Library/PrivateFrameworks/MultiverseSupport.framework/Versions/A/MultiverseSupport
0x00000001a78d8000 	/System/Library/PrivateFrameworks/DiskManagement.framework/Versions/A/DiskManagement
0x00000001a77e7000 	/System/Library/PrivateFrameworks/AppleIDAuthSupport.framework/Versions/A/AppleIDAuthSupport
0x000000023d519000 	/System/Library/PrivateFrameworks/AAAFoundation.framework/Versions/A/AAAFoundation
0x00000001a2699000 	/System/Library/PrivateFrameworks/KeychainCircle.framework/Versions/A/KeychainCircle
0x00000001b41a6000 	/System/Library/PrivateFrameworks/URLFormatting.framework/Versions/A/URLFormatting
0x00000001aa954000 	/usr/lib/libcsfde.dylib
0x000000019f818000 	/usr/lib/libCoreStorage.dylib
0x00000001a40e9000 	/System/Library/PrivateFrameworks/ProtectedCloudStorage.framework/Versions/A/ProtectedCloudStorage
0x00000001aa94f000 	/System/Library/PrivateFrameworks/EFILogin.framework/Versions/A/EFILogin
0x00000001a7bf8000 	/System/Library/PrivateFrameworks/OctagonTrust.framework/Versions/A/OctagonTrust
0x00000001a3369000 	/System/Library/PrivateFrameworks/IDS.framework/Versions/A/IDS
0x00000001a885b000 	/System/Library/Frameworks/LocalAuthentication.framework/Versions/A/LocalAuthentication
0x0000000261a06000 	/System/Library/PrivateFrameworks/LocalAuthenticationCore.framework/Versions/A/LocalAuthenticationCore
0x0000000261bce000 	/System/Library/PrivateFrameworks/LocalAuthenticationCredentialServices.framework/Versions/A/LocalAuthenticationCredentialServices
0x00000001a88c8000 	/System/Library/Frameworks/LocalAuthentication.framework/Support/SharedUtils.framework/Versions/A/SharedUtils
0x0000000242d8d000 	/System/Library/PrivateFrameworks/AsyncAlgorithmsInternal.framework/Versions/A/AsyncAlgorithmsInternal
0x00000001c9e14000 	/System/Library/PrivateFrameworks/FTAWD.framework/Versions/A/FTAWD
0x00000001ab393000 	/System/Library/PrivateFrameworks/IntentsFoundation.framework/Versions/A/IntentsFoundation
0x0000000198b51000 	/System/Library/PrivateFrameworks/ApplePushService.framework/Versions/A/ApplePushService
0x0000000198bbc000 	/System/Library/Frameworks/CloudKit.framework/Versions/A/CloudKit
0x00000001d1e46000 	/System/Library/PrivateFrameworks/DeviceIdentity.framework/Versions/A/DeviceIdentity
0x000000023a864000 	/System/Library/Frameworks/SharedWithYouCore.framework/Versions/A/SharedWithYouCore
0x00000002463d5000 	/System/Library/PrivateFrameworks/CloudTelemetry.framework/Versions/A/CloudTelemetry
0x00000001aadc6000 	/System/Library/PrivateFrameworks/AppleAccount.framework/Versions/A/AppleAccount
0x00000001ab3ae000 	/System/Library/PrivateFrameworks/C2.framework/Versions/A/C2
0x0000000246029000 	/System/Library/PrivateFrameworks/CloudCoreInternal.framework/Versions/A/CloudCoreInternal
0x0000000245d91000 	/System/Library/PrivateFrameworks/CloudAsset.framework/Versions/A/CloudAsset
0x00000001ab3a4000 	/System/Library/Frameworks/PushKit.framework/Versions/A/PushKit
0x00000002463fa000 	/System/Library/PrivateFrameworks/CloudTelemetryTools.framework/Versions/A/CloudTelemetryTools
0x00000002463eb000 	/System/Library/PrivateFrameworks/CloudTelemetryShared.dylib
0x00000001ad284000 	/System/Library/PrivateFrameworks/RTCReporting.framework/Versions/A/RTCReporting
0x000000023d53c000 	/System/Library/PrivateFrameworks/AAAFoundationSwift.framework/Versions/A/AAAFoundationSwift
0x00000001ab04c000 	/System/Library/PrivateFrameworks/AppleIDSSOAuthentication.framework/Versions/A/AppleIDSSOAuthentication
0x00000001987eb000 	/System/Library/PrivateFrameworks/ViewBridge.framework/Versions/A/ViewBridge
0x00000001c1d1b000 	/System/Library/Frameworks/Accelerate.framework/Versions/A/Frameworks/vImage.framework/Versions/A/Libraries/libCGInterfaces.dylib
0x0000000107fec000 	/usr/lib/libobjc-trampolines.dylib
0x0000000290d0b000 	/usr/lib/libAccessibilityBaseImplementations.dylib
0x000000023caef000 	/System/Library/Frameworks/_AppIntents_AppKit.framework/Versions/A/_AppIntents_AppKit
0x000000028b054000 	/System/Library/PrivateFrameworks/WritingToolsUI.framework/Versions/A/WritingToolsUI
0x0000000258e9f000 	/System/Library/PrivateFrameworks/GenerativeAssistantSettings.framework/Versions/A/GenerativeAssistantSettings
0x000000028036e000 	/System/Library/PrivateFrameworks/TextComposer.framework/Versions/A/TextComposer
0x0000000258e72000 	/System/Library/PrivateFrameworks/GenerativeAssistantCommon.framework/Versions/A/GenerativeAssistantCommon
0x00000001c2e2f000 	/System/Library/Frameworks/SwiftUI.framework/Versions/A/SwiftUI
0x000000023fd9c000 	/System/Library/PrivateFrameworks/Anvil.framework/Versions/A/Anvil
0x0000000259326000 	/System/Library/PrivateFrameworks/GenerativePartnerService.framework/Versions/A/GenerativePartnerService
0x0000000259351000 	/System/Library/PrivateFrameworks/GenerativePartnerServiceUI.framework/Versions/A/GenerativePartnerServiceUI
0x00000001bb01c000 	/System/Library/Frameworks/SafariServices.framework/Versions/A/SafariServices
0x00000001b83ae000 	/System/Library/Frameworks/WebKit.framework/Versions/A/WebKit
0x000000023cb2e000 	/System/Library/Frameworks/_AuthenticationServices_SwiftUI.framework/Versions/A/_AuthenticationServices_SwiftUI
0x00000001c23ae000 	/System/Library/PrivateFrameworks/AppStoreDaemon.framework/Versions/A/AppStoreDaemon
0x00000001ad933000 	/System/Library/PrivateFrameworks/AppleMediaServices.framework/Versions/A/AppleMediaServices
0x00000001be5c1000 	/System/Library/PrivateFrameworks/AppleMediaServicesUI.framework/Versions/A/AppleMediaServicesUI
0x00000001f1d81000 	/System/Library/PrivateFrameworks/JetEngine.framework/Versions/A/JetEngine
0x00000001bbcfe000 	/System/Library/PrivateFrameworks/OnBoardingKit.framework/Versions/A/OnBoardingKit
0x00000002756c5000 	/System/Library/PrivateFrameworks/Settings.framework/Versions/A/Settings
0x00000002357e8000 	/System/Library/Frameworks/ExtensionKit.framework/Versions/A/ExtensionKit
0x000000023582b000 	/System/Library/Frameworks/FSKit.framework/Versions/A/FSKit
0x000000028024a000 	/System/Library/PrivateFrameworks/TextAnimationSupport.framework/Versions/A/TextAnimationSupport
0x00000002727f2000 	/System/Library/PrivateFrameworks/RecapPerformanceTesting.framework/Versions/A/RecapPerformanceTesting
0x00000001bbcee000 	/System/Library/PrivateFrameworks/SignpostCollection.framework/Versions/A/SignpostCollection
0x00000001ad2b5000 	/System/Library/Frameworks/WebKit.framework/Versions/A/Frameworks/WebKitLegacy.framework/Versions/A/WebKitLegacy
0x00000001b9ddf000 	/System/Library/Frameworks/Carbon.framework/Versions/A/Carbon
0x00000001ab09d000 	/System/Library/PrivateFrameworks/CorePrediction.framework/Versions/A/CorePrediction
0x00000001998f3000 	/System/Library/Frameworks/WebKit.framework/Versions/A/Frameworks/WebCore.framework/Versions/A/Frameworks/libwebrtc.dylib
0x00000001a2206000 	/System/Library/Frameworks/SecurityInterface.framework/Versions/A/SecurityInterface
0x00000001bbcfd000 	/System/Library/PrivateFrameworks/WebInspectorUI.framework/Versions/A/WebInspectorUI
0x00000001affe5000 	/System/Library/Frameworks/JavaScriptCore.framework/Versions/A/JavaScriptCore
0x00000001b42f3000 	/System/Library/Frameworks/WebKit.framework/Versions/A/Frameworks/WebCore.framework/Versions/A/WebCore
0x00000001affde000 	/System/Library/Frameworks/Carbon.framework/Versions/A/Frameworks/CommonPanels.framework/Versions/A/CommonPanels
0x00000001aa94b000 	/System/Library/Frameworks/Carbon.framework/Versions/A/Frameworks/Help.framework/Versions/A/Help
0x00000001affe2000 	/System/Library/Frameworks/Carbon.framework/Versions/A/Frameworks/ImageCapture.framework/Versions/A/ImageCapture
0x00000001affbd000 	/System/Library/Frameworks/Carbon.framework/Versions/A/Frameworks/OpenScripting.framework/Versions/A/OpenScripting
0x00000001affdd000 	/System/Library/Frameworks/Carbon.framework/Versions/A/Frameworks/Ink.framework/Versions/A/Ink
0x00000001affda000 	/System/Library/Frameworks/Carbon.framework/Versions/A/Frameworks/SecurityHI.framework/Versions/A/SecurityHI
0x0000000291077000 	/usr/lib/libInterpreterSecurity.dylib
0x00000001d0a39000 	/System/Library/PrivateFrameworks/XprotectFramework.framework/Versions/A/XprotectFramework
0x00000001b35c1000 	/System/Library/PrivateFrameworks/yara.framework/Versions/A/yara
0x0000000290ff4000 	/usr/lib/libEndpointSecuritySystem.dylib
0x00000002348ea000 	/System/Library/Frameworks/BrowserEngineCore.framework/Versions/A/BrowserEngineCore
0x000000023c6a5000 	/System/Library/Frameworks/WebKit.framework/Versions/A/Frameworks/WebCore.framework/Versions/A/Frameworks/libANGLE-shared.dylib
0x000000028989f000 	/System/Library/PrivateFrameworks/WebGPU.framework/Versions/A/WebGPU
0x00000001bdc3c000 	/System/Library/Frameworks/SceneKit.framework/Versions/A/SceneKit
0x00000001cf57a000 	/System/Library/Frameworks/ModelIO.framework/Versions/A/ModelIO
0x00000001a41e9000 	/System/Library/Frameworks/MetalKit.framework/Versions/A/MetalKit
0x00000001a652d000 	/System/Library/Frameworks/GLKit.framework/Versions/A/GLKit
0x0000000292fab000 	/usr/lib/usd/libusd_ms.dylib
0x0000000284a5b000 	/System/Library/PrivateFrameworks/USDLib_FormatLoaderProxy.framework/Versions/A/USDLib_FormatLoaderProxy
0x0000000292c53000 	/usr/lib/swift/libswift_errno.dylib
0x00000001bae61000 	/System/Library/PrivateFrameworks/CoreOptimization.framework/Versions/A/CoreOptimization
0x000000024328f000 	/System/Library/PrivateFrameworks/AuthenticationServicesCore.framework/Versions/A/AuthenticationServicesCore
0x00000001c57e0000 	/System/Library/Frameworks/AuthenticationServices.framework/Versions/A/AuthenticationServices
0x000000019f7ab000 	/System/Library/PrivateFrameworks/SharedWebCredentials.framework/Versions/A/SharedWebCredentials
0x00000001bcbc8000 	/System/Library/PrivateFrameworks/SafariCore.framework/Versions/A/SafariCore
0x00000001c52f1000 	/System/Library/PrivateFrameworks/SafariFoundation.framework/Versions/A/SafariFoundation
0x00000002445e2000 	/System/Library/PrivateFrameworks/CBORLibrary.framework/Versions/A/CBORLibrary
0x0000000245644000 	/System/Library/PrivateFrameworks/Chirp.framework/Versions/A/Chirp
0x0000000246298000 	/System/Library/PrivateFrameworks/CloudSubscriptionFeatures.framework/Versions/A/CloudSubscriptionFeatures
0x00000001f31c2000 	/System/Library/PrivateFrameworks/RemoteManagement.framework/Versions/A/RemoteManagement
0x0000000272be1000 	/System/Library/PrivateFrameworks/RemoteManagementModel.framework/Versions/A/RemoteManagementModel
0x0000000272c72000 	/System/Library/PrivateFrameworks/RemoteManagementStore.framework/Versions/A/RemoteManagementStore
0x00000001a4208000 	/usr/lib/libxcselect.dylib
0x00000001c5260000 	/System/Library/PrivateFrameworks/DifferentialPrivacy.framework/Versions/A/DifferentialPrivacy
0x0000000265c02000 	/System/Library/PrivateFrameworks/ManagedSettingsObjC.framework/Versions/A/ManagedSettingsObjC
0x00000001ac48c000 	/System/Library/PrivateFrameworks/ConfigurationProfiles.framework/Versions/A/ConfigurationProfiles
0x0000000261c58000 	/System/Library/PrivateFrameworks/LockdownMode.framework/Versions/A/LockdownMode
0x000000028571d000 	/System/Library/PrivateFrameworks/VDAF.framework/Versions/A/VDAF
0x00000001a6914000 	/System/Library/PrivateFrameworks/SystemAdministration.framework/Versions/A/SystemAdministration
0x00000001b1ac5000 	/System/Library/PrivateFrameworks/PowerlogControl.framework/Versions/A/PowerlogControl
0x00000001b1ac7000 	/usr/lib/libUniversalAccess.dylib
0x00000001ae403000 	/System/Library/PrivateFrameworks/FamilyControls.framework/Versions/A/FamilyControls
0x00000001a61f3000 	/System/Library/Frameworks/DirectoryService.framework/Versions/A/DirectoryService
0x00000001aa9e1000 	/System/Library/PrivateFrameworks/LoginUIKit.framework/Versions/A/Frameworks/LoginUICore.framework/Versions/A/LoginUICore
0x000000019fe78000 	/usr/lib/libodfde.dylib
0x00000001ae3fd000 	/System/Library/PrivateFrameworks/UniversalAccess.framework/Versions/A/Libraries/libUAPreferences.dylib
0x00000001ae425000 	/System/Library/PrivateFrameworks/CommerceKit.framework/Versions/A/Frameworks/CommerceCore.framework/Versions/A/CommerceCore
0x00000001a2240000 	/System/Library/PrivateFrameworks/CoreFollowUp.framework/Versions/A/CoreFollowUp
0x000000024d615000 	/System/Library/PrivateFrameworks/DMCUtilities.framework/Versions/A/DMCUtilities
0x0000000261ce7000 	/System/Library/PrivateFrameworks/MDMClientLibrary.framework/Versions/A/MDMClientLibrary
0x0000000272c66000 	/System/Library/PrivateFrameworks/RemoteManagementProtocol.framework/Versions/A/RemoteManagementProtocol
0x000000024d577000 	/System/Library/PrivateFrameworks/DEPClientLibrary.framework/Versions/A/DEPClientLibrary
0x000000024d5a4000 	/System/Library/PrivateFrameworks/DMCEnrollmentLibrary.framework/Versions/A/DMCEnrollmentLibrary
0x00000001b1bac000 	/System/Library/PrivateFrameworks/SetupAssistantFramework.framework/Versions/A/SetupAssistantFramework
0x00000001ab0f3000 	/System/Library/PrivateFrameworks/AuthKitUI.framework/Versions/A/AuthKitUI
0x00000001aaa2b000 	/System/Library/PrivateFrameworks/AppSSO.framework/Versions/A/AppSSO
0x00000001c2101000 	/System/Library/PrivateFrameworks/LocalAuthenticationUI.framework/Versions/A/LocalAuthenticationUI
0x000000027017b000 	/System/Library/PrivateFrameworks/PlatformSSO.framework/Versions/A/PlatformSSO
0x0000000270269000 	/System/Library/PrivateFrameworks/PlatformSSOCore.framework/Versions/A/PlatformSSOCore
0x0000000236adf000 	/System/Library/Frameworks/LocalAuthenticationEmbeddedUI.framework/Versions/A/LocalAuthenticationEmbeddedUI
0x00000001c2bf9000 	/System/Library/PrivateFrameworks/AOSUI.framework/Versions/A/AOSUI
0x00000001b3925000 	/System/Library/Frameworks/ContactsUI.framework/Versions/A/ContactsUI
0x00000001a7573000 	/System/Library/PrivateFrameworks/FamilyCircle.framework/Versions/A/FamilyCircle
0x00000001d0e48000 	/System/Library/Frameworks/LinkPresentation.framework/Versions/A/LinkPresentation
0x00000001b34a5000 	/System/Library/PrivateFrameworks/IASUtilities.framework/Versions/A/IASUtilities
0x000000025c6d9000 	/System/Library/PrivateFrameworks/IASUtilitiesCore.framework/Versions/A/IASUtilitiesCore
0x0000000272cdb000 	/System/Library/PrivateFrameworks/RemoteUI.framework/Versions/A/RemoteUI
0x0000000260f6b000 	/System/Library/PrivateFrameworks/LiftUI.framework/Versions/A/LiftUI
0x000000028b67b000 	/System/Library/PrivateFrameworks/_IconServices_SwiftUI.framework/Versions/A/_IconServices_SwiftUI
0x00000002461ce000 	/System/Library/PrivateFrameworks/CloudSettings.framework/Versions/A/CloudSettings
0x00000001ad080000 	/System/Library/Frameworks/EventKit.framework/Versions/A/EventKit
0x00000001bbf17000 	/System/Library/PrivateFrameworks/SearchFoundation.framework/Versions/A/SearchFoundation
0x00000001d2faf000 	/System/Library/PrivateFrameworks/Email.framework/Versions/A/Email
0x00000001baa70000 	/System/Library/PrivateFrameworks/CoreRoutine.framework/Versions/A/CoreRoutine
0x00000001f2b1b000 	/System/Library/PrivateFrameworks/VoiceShortcutClient.framework/Versions/A/VoiceShortcutClient
0x00000001ca9f5000 	/System/Library/PrivateFrameworks/Categories.framework/Versions/A/Categories
0x00000001c2a9d000 	/System/Library/PrivateFrameworks/ChronoServices.framework/Versions/A/ChronoServices
0x000000024507b000 	/System/Library/PrivateFrameworks/CalendarDatabase.framework/Versions/A/CalendarDatabase
0x0000000244fbc000 	/System/Library/PrivateFrameworks/CalendarDaemon.framework/Versions/A/CalendarDaemon
0x00000001ac3c7000 	/System/Library/PrivateFrameworks/CalendarFoundation.framework/Versions/A/CalendarFoundation
0x00000001ac382000 	/System/Library/PrivateFrameworks/iCalendar.framework/Versions/A/iCalendar
0x000000024d81a000 	/System/Library/PrivateFrameworks/DataAccessExpress.framework/Versions/A/DataAccessExpress
0x00000001b3a8d000 	/System/Library/PrivateFrameworks/ContactsAutocomplete.framework/Versions/A/ContactsAutocomplete
0x00000001c29e9000 	/System/Library/PrivateFrameworks/FTClientServices.framework/Versions/A/FTClientServices
0x000000027ec8b000 	/System/Library/PrivateFrameworks/StorageContainersPrivate.framework/Versions/A/StorageContainersPrivate
0x00000002928e2000 	/usr/lib/swift/libswiftCoreMediaIO.dylib
0x00000001b3326000 	/System/Library/PrivateFrameworks/CoreDAV.framework/Versions/A/CoreDAV
0x00000001acf4a000 	/System/Library/PrivateFrameworks/CalDAV.framework/Versions/A/CalDAV
0x00000001b8003000 	/System/Library/PrivateFrameworks/TelephonyUtilities.framework/Versions/A/TelephonyUtilities
0x0000000236a9b000 	/System/Library/Frameworks/LiveCommunicationKit.framework/Versions/A/LiveCommunicationKit
0x0000000246af3000 	/System/Library/PrivateFrameworks/CommunicationTrust.framework/Versions/A/CommunicationTrust
0x00000001bc9d7000 	/System/Library/Frameworks/CallKit.framework/Versions/A/CallKit
0x00000001a756c000 	/System/Library/PrivateFrameworks/CommunicationsFilter.framework/Versions/A/CommunicationsFilter
0x00000001e7778000 	/System/Library/PrivateFrameworks/IMTransferServices.framework/Versions/A/IMTransferServices
0x00000001bae7a000 	/System/Library/PrivateFrameworks/IncomingCallFilter.framework/Versions/A/IncomingCallFilter
0x000000026af33000 	/System/Library/PrivateFrameworks/NeighborhoodActivityConduit.framework/Versions/A/NeighborhoodActivityConduit
0x00000001bef88000 	/System/Library/PrivateFrameworks/CallHistory.framework/Versions/A/CallHistory
0x0000000290e84000 	/usr/lib/libBASupport.dylib
0x00000002454c2000 	/System/Library/PrivateFrameworks/CallsUtilities.framework/Versions/A/CallsUtilities
0x00000002454ce000 	/System/Library/PrivateFrameworks/CallsXPC.framework/Versions/A/CallsXPC
0x00000001f332d000 	/usr/lib/swift/libswiftCallKit.dylib
0x00000002454b4000 	/System/Library/PrivateFrameworks/CallsPersistence.framework/Versions/A/CallsPersistence
0x000000023a6b2000 	/System/Library/Frameworks/SensitiveContentAnalysis.framework/Versions/A/SensitiveContentAnalysis
0x00000001c0006000 	/System/Library/PrivateFrameworks/PeopleSuggester.framework/Versions/A/PeopleSuggester
0x00000001c976f000 	/System/Library/PrivateFrameworks/SpotlightReceiver.framework/Versions/A/SpotlightReceiver
0x000000028b63b000 	/System/Library/PrivateFrameworks/_AppIntentsServices_AppIntents.framework/Versions/A/_AppIntentsServices_AppIntents
0x0000000240201000 	/System/Library/PrivateFrameworks/AppIntentsServices.framework/Versions/A/AppIntentsServices
0x00000001ac36b000 	/System/Library/PrivateFrameworks/CoreRecents.framework/Versions/A/CoreRecents
0x000000023cbb1000 	/System/Library/Frameworks/_GeoToolbox_AppIntents.framework/Versions/A/_GeoToolbox_AppIntents
0x00000001dce0e000 	/System/Library/PrivateFrameworks/DiagnosticRequest.framework/Versions/A/DiagnosticRequest
0x00000002728a3000 	/System/Library/PrivateFrameworks/RegulatoryDomain.framework/Versions/A/RegulatoryDomain
0x00000001a6606000 	/usr/lib/libCTGreenTeaLogger.dylib
0x0000000261c2b000 	/System/Library/PrivateFrameworks/LocalStatusKit.framework/Versions/A/LocalStatusKit
0x00000001b7eea000 	/System/Library/PrivateFrameworks/CoreParsec.framework/Versions/A/CoreParsec
0x00000001d2fa3000 	/System/Library/PrivateFrameworks/EmailAddressing.framework/Versions/A/EmailAddressing
0x00000001ced83000 	/System/Library/PrivateFrameworks/EmailCore.framework/Versions/A/EmailCore
0x00000001cfe77000 	/System/Library/PrivateFrameworks/EmailFoundation.framework/Versions/A/EmailFoundation
0x000000026da51000 	/System/Library/PrivateFrameworks/PegasusAPI.framework/Versions/A/PegasusAPI
0x000000026e80d000 	/System/Library/PrivateFrameworks/PegasusConfiguration.framework/Versions/A/PegasusConfiguration
0x0000000282e88000 	/System/Library/PrivateFrameworks/ToolKit.framework/Versions/A/ToolKit
0x0000000273095000 	/System/Library/PrivateFrameworks/ReplicatorEngine.framework/Versions/A/ReplicatorEngine
0x0000000273250000 	/System/Library/PrivateFrameworks/ReplicatorServices.framework/Versions/A/ReplicatorServices
0x000000027fb0e000 	/System/Library/PrivateFrameworks/SystemWake.framework/Versions/A/SystemWake
0x00000001bcbae000 	/System/Library/PrivateFrameworks/ContextKit.framework/Versions/A/ContextKit
0x0000000247091000 	/System/Library/PrivateFrameworks/ContextKitCore.framework/Versions/A/ContextKitCore
0x00000001bb111000 	/System/Library/Frameworks/LocalAuthentication.framework/Support/DaemonUtils.framework/Versions/A/DaemonUtils
0x0000000261b8d000 	/System/Library/PrivateFrameworks/LocalAuthenticationCoreUI.framework/Versions/A/LocalAuthenticationCoreUI
0x00000001be587000 	/System/Library/PrivateFrameworks/BridgeXPC.framework/Versions/A/BridgeXPC
0x00000001bbdde000 	/System/Library/PrivateFrameworks/CoreKDL.framework/Versions/A/CoreKDL
0x00000001ba404000 	/System/Library/PrivateFrameworks/EmbeddedOSSupportHost.framework/Versions/A/EmbeddedOSSupportHost
0x00000001aef5f000 	/System/Library/PrivateFrameworks/LoginUIKit.framework/Versions/A/LoginUIKit
0x00000001caef5000 	/System/Library/PrivateFrameworks/StorageKit.framework/Versions/A/StorageKit
0x0000000231fee000 	/System/Library/Frameworks/DeviceCheck.framework/Versions/A/DeviceCheck
0x000000024e222000 	/System/Library/PrivateFrameworks/DiskImages2.framework/Versions/A/DiskImages2
0x00000001caf6f000 	/System/Library/PrivateFrameworks/CoreWLANKit.framework/Versions/A/CoreWLANKit
0x0000000288bf5000 	/System/Library/PrivateFrameworks/Wallpaper.framework/Versions/A/Wallpaper
0x00000002928fd000 	/usr/lib/swift/libswiftGLKit.dylib
0x0000000292909000 	/usr/lib/swift/libswiftMetalKit.dylib
0x000000029290b000 	/usr/lib/swift/libswiftModelIO.dylib
0x00000002929ce000 	/usr/lib/swift/libswiftSceneKit.dylib
0x00000001d3f2b000 	/System/Library/PrivateFrameworks/DynamicDesktop.framework/Versions/A/DynamicDesktop
0x0000000288d88000 	/System/Library/PrivateFrameworks/WallpaperFoundation.framework/Versions/A/WallpaperFoundation
0x0000000288de7000 	/System/Library/PrivateFrameworks/WallpaperTypes.framework/Versions/A/WallpaperTypes
0x00000001e956e000 	/System/Library/PrivateFrameworks/SystemDesktopAppearance.framework/Versions/A/SystemDesktopAppearance
0x000000028e74c000 	/System/Library/PrivateFrameworks/icloudMCCKit.framework/Versions/A/icloudMCCKit
0x000000024154d000 	/System/Library/PrivateFrameworks/AppleAccountUI.framework/Versions/A/AppleAccountUI
0x00000001dd434000 	/System/Library/PrivateFrameworks/PreferencePanesSupport.framework/Versions/A/PreferencePanesSupport
0x00000001c2da7000 	/System/Library/PrivateFrameworks/FindMyDeviceUI.framework/Versions/A/FindMyDeviceUI
0x000000028c323000 	/System/Library/PrivateFrameworks/iCloudQuotaUI.framework/Versions/A/iCloudQuotaUI
0x00000001dd5e5000 	/System/Library/PrivateFrameworks/CoreCDPUI.framework/Versions/A/CoreCDPUI
0x00000001bc907000 	/System/Library/PrivateFrameworks/CoreFollowUpUI.framework/Versions/A/CoreFollowUpUI
0x00000001c99f3000 	/System/Library/PrivateFrameworks/IMCore.framework/Versions/A/IMCore
0x00000001b1b2c000 	/System/Library/PrivateFrameworks/CoreCDP.framework/Versions/A/CoreCDP
0x00000001ad91e000 	/System/Library/PrivateFrameworks/AskPermission.framework/Versions/A/AskPermission
0x00000001c0726000 	/System/Library/Frameworks/Quartz.framework/Versions/A/Quartz
0x00000001cd459000 	/System/Library/PrivateFrameworks/CloudPhotoServicesConfiguration.framework/Versions/A/CloudPhotoServicesConfiguration
0x00000001beda8000 	/System/Library/PrivateFrameworks/CommerceKit.framework/Versions/A/CommerceKit
0x00000001cee55000 	/System/Library/PrivateFrameworks/FindMyMac.framework/Versions/A/FindMyMac
0x00000001ced25000 	/System/Library/Frameworks/PreferencePanes.framework/Versions/A/PreferencePanes
0x00000001c21ef000 	/System/Library/Frameworks/AddressBook.framework/Versions/A/AddressBook
0x00000001ac7b1000 	/System/Library/PrivateFrameworks/AOSAccounts.framework/Versions/A/AOSAccounts
0x00000001a690e000 	/System/Library/PrivateFrameworks/AppleSRP.framework/Versions/A/AppleSRP
0x00000001ab2de000 	/System/Library/PrivateFrameworks/NetFSServer.framework/Versions/A/NetFSServer
0x00000001bdb13000 	/System/Library/Frameworks/PDFKit.framework/Versions/A/PDFKit
0x0000000292921000 	/usr/lib/swift/libswiftPassKit.dylib
0x00000001e16b9000 	/System/Library/Frameworks/PassKit.framework/Versions/A/PassKit
0x00000001af06e000 	/System/Library/PrivateFrameworks/PassKitCore.framework/Versions/A/PassKitCore
0x000000026d36a000 	/System/Library/PrivateFrameworks/PassKitMacHelperTemp.framework/Versions/A/PassKitMacHelperTemp
0x0000000290ddf000 	/usr/lib/libAppleSSE.dylib
0x00000001bb159000 	/System/Library/PrivateFrameworks/BiometricKit.framework/Versions/A/BiometricKit
0x00000002738ae000 	/System/Library/PrivateFrameworks/SEService.framework/Versions/A/SEService
0x00000002358f5000 	/System/Library/Frameworks/FinanceKit.framework/Versions/A/FinanceKit
0x00000001c07d2000 	/System/Library/PrivateFrameworks/NearField.framework/Versions/A/NearField
0x0000000273825000 	/System/Library/PrivateFrameworks/SESShared.framework/Versions/A/SESShared
0x0000000273b17000 	/System/Library/PrivateFrameworks/STSXPCHelperClient.framework/Versions/A/STSXPCHelperClient
0x00000001c2609000 	/usr/lib/libnfshared.dylib
0x000000027f88e000 	/System/Library/PrivateFrameworks/Symptoms.framework/Versions/A/Frameworks/SymptomPresentationFeed.framework/Versions/A/SymptomPresentationFeed
0x0000000242025000 	/System/Library/PrivateFrameworks/AppleMediaServicesKitInternal.framework/Versions/A/AppleMediaServicesKitInternal
0x000000027f5c9000 	/System/Library/PrivateFrameworks/SymptomShared.framework/Versions/A/SymptomShared
0x00000001e45fc000 	/System/Library/PrivateFrameworks/PassKitUIFoundation.framework/Versions/A/PassKitUIFoundation
0x00000001a6231000 	/System/Library/Frameworks/MapKit.framework/Versions/A/MapKit
0x00000002593f5000 	/System/Library/PrivateFrameworks/GeoAnalytics.framework/Versions/A/GeoAnalytics
0x00000001c2637000 	/System/Library/PrivateFrameworks/Navigation.framework/Versions/A/Navigation
0x00000001cc4da000 	/System/Library/PrivateFrameworks/VectorKit.framework/Versions/A/VectorKit
0x00000001b356e000 	/System/Library/PrivateFrameworks/VirtualGarage.framework/Versions/A/VirtualGarage
0x00000001c2834000 	/System/Library/Frameworks/ExternalAccessory.framework/ExternalAccessory
0x00000001c284f000 	/System/Library/PrivateFrameworks/IAP.framework/Versions/A/IAP
0x00000001a64f3000 	/System/Library/PrivateFrameworks/IOPlatformPluginFamily.framework/Versions/A/IOPlatformPluginFamily
0x00000002433e5000 	/System/Library/PrivateFrameworks/AvatarKit.framework/Versions/A/AvatarKit
0x00000002434a4000 	/System/Library/PrivateFrameworks/AvatarPersistence.framework/Versions/A/AvatarPersistence
0x000000023c01f000 	/System/Library/Frameworks/TipKit.framework/Versions/A/TipKit
0x00000001aeb25000 	/System/Library/PrivateFrameworks/IMSharedUtilities.framework/Versions/A/IMSharedUtilities
0x00000002928c2000 	/usr/lib/swift/libswiftAppleArchive.dylib
0x0000000285819000 	/System/Library/PrivateFrameworks/VFX.framework/Versions/A/VFX
0x00000001df25f000 	/System/Library/PrivateFrameworks/AppleCVA.framework/Versions/A/AppleCVA
0x00000002434a3000 	/System/Library/PrivateFrameworks/AvatarKitContent.framework/Versions/A/AvatarKitContent
0x0000000237848000 	/System/Library/Frameworks/MetalFX.framework/Versions/A/MetalFX
0x0000000246c0a000 	/System/Library/PrivateFrameworks/CompositorNonUI.framework/Versions/A/CompositorNonUI
0x0000000233b64000 	/System/Library/Frameworks/ARKit.framework/Versions/A/ARKit
0x000000023e84c000 	/System/Library/PrivateFrameworks/ARKitCore.framework/Versions/A/ARKitCore
0x0000000290ed0000 	/usr/lib/libDisplayWarpSupport.dylib
0x0000000248edc000 	/System/Library/PrivateFrameworks/CoreComposite.framework/Versions/A/CoreComposite
0x000000029189f000 	/usr/lib/libchannel.dylib
0x000000029251b000 	/usr/lib/librealtime_safety.dylib
0x000000023e8d8000 	/System/Library/PrivateFrameworks/ARKitFoundation.framework/Versions/A/ARKitFoundation
0x00000002415e9000 	/System/Library/PrivateFrameworks/AppleDepth.framework/Versions/A/AppleDepth
0x0000000241766000 	/System/Library/PrivateFrameworks/AppleDepthCore.framework/Versions/A/AppleDepthCore
0x00000001a662e000 	/System/Library/PrivateFrameworks/CoreAppleCVA.framework/Versions/A/CoreAppleCVA
0x00000001b36a4000 	/System/Library/PrivateFrameworks/ContactsUICore.framework/Versions/A/ContactsUICore
0x00000001baf85000 	/System/Library/PrivateFrameworks/ContactsDonation.framework/Versions/A/ContactsDonation
0x00000001ba841000 	/System/Library/PrivateFrameworks/DataDetectors.framework/Versions/A/DataDetectors
0x00000001acf36000 	/System/Library/Frameworks/MediaLibrary.framework/Versions/A/MediaLibrary
0x00000001a755b000 	/System/Library/PrivateFrameworks/PersonaKit.framework/Versions/A/PersonaKit
0x00000001b3691000 	/System/Library/PrivateFrameworks/PersonaUI.framework/Versions/A/PersonaUI
0x00000001ce73b000 	/System/Library/PrivateFrameworks/Transparency.framework/Versions/A/Transparency
0x000000024fd81000 	/System/Library/PrivateFrameworks/FindMyLocate.framework/Versions/A/FindMyLocate
0x00000001bc884000 	/System/Library/PrivateFrameworks/IntlPreferences.framework/Versions/A/IntlPreferences
0x000000024cf3a000 	/System/Library/PrivateFrameworks/CoreTransparency.framework/Versions/A/CoreTransparency
0x000000024fc55000 	/System/Library/PrivateFrameworks/FindMyCommon.framework/Versions/A/FindMyCommon
0x000000024fa28000 	/System/Library/PrivateFrameworks/FindMyBase.framework/Versions/A/FindMyBase
0x00000002392dd000 	/System/Library/Frameworks/NearbyInteraction.framework/Versions/A/NearbyInteraction
0x00000001a714a000 	/System/Library/PrivateFrameworks/AddressBookCore.framework/Versions/A/AddressBookCore
0x00000001c238c000 	/System/Library/PrivateFrameworks/ToneKit.framework/Versions/A/ToneKit
0x00000001bc8cb000 	/System/Library/PrivateFrameworks/ToneLibrary.framework/Versions/A/ToneLibrary
0x0000000246f13000 	/System/Library/PrivateFrameworks/ContactsAccounts.framework/Versions/A/ContactsAccounts
0x00000001c063d000 	/System/Library/PrivateFrameworks/Lookup.framework/Versions/A/Lookup
0x0000000239bfe000 	/System/Library/Frameworks/QuickLookUI.framework/Versions/A/QuickLookUI
0x000000023a62b000 	/System/Library/Frameworks/ScreenCaptureKit.framework/Versions/A/ScreenCaptureKit
0x00000001bd632000 	/System/Library/Frameworks/Quartz.framework/Versions/A/Frameworks/QuartzComposer.framework/Versions/A/QuartzComposer
0x00000001bc85b000 	/System/Library/Frameworks/Quartz.framework/Versions/A/Frameworks/QuartzFilters.framework/Versions/A/QuartzFilters
0x00000001bb8e2000 	/System/Library/Frameworks/Quartz.framework/Versions/A/Frameworks/ImageKit.framework/Versions/A/ImageKit
0x0000000233965000 	/System/Library/Frameworks/OpenCL.framework/Versions/A/OpenCL
0x00000001b9dde000 	/System/Library/PrivateFrameworks/CorePDF.framework/Versions/A/CorePDF
0x00000001a4182000 	/System/Library/Frameworks/QuickLook.framework/Versions/A/QuickLook
0x00000001aef5a000 	/System/Library/PrivateFrameworks/DisplayServices.framework/Versions/A/DisplayServices
0x00000001bc7df000 	/System/Library/Frameworks/ImageCaptureCore.framework/Versions/A/ImageCaptureCore
0x0000000287737000 	/System/Library/PrivateFrameworks/VisionKitCore.framework/Versions/A/VisionKitCore
0x00000001b7eba000 	/System/Library/PrivateFrameworks/QuickLookSupport.framework/Versions/A/QuickLookSupport
0x00000002664f7000 	/System/Library/PrivateFrameworks/MediaAnalysisServices.framework/Versions/A/MediaAnalysisServices
0x00000001bf5c6000 	/System/Library/PrivateFrameworks/PhotoLibraryServices.framework/Versions/A/PhotoLibraryServices
0x00000001bc3f0000 	/System/Library/Frameworks/Photos.framework/Versions/A/Photos
0x00000001d1248000 	/System/Library/PrivateFrameworks/PhotosFormats.framework/Versions/A/PhotosFormats
0x0000000286872000 	/System/Library/PrivateFrameworks/VectorSearch.framework/Versions/A/VectorSearch
0x00000001cd485000 	/System/Library/PrivateFrameworks/CloudPhotoLibrary.framework/Versions/A/CloudPhotoLibrary
0x00000001d6ce2000 	/System/Library/PrivateFrameworks/CloudPhotoServices.framework/Versions/A/CloudPhotoServices
0x00000001d3126000 	/System/Library/PrivateFrameworks/CoreMediaStream.framework/Versions/A/CoreMediaStream
0x00000001a7c2a000 	/System/Library/PrivateFrameworks/CPAnalytics.framework/Versions/A/CPAnalytics
0x00000001cf4b1000 	/System/Library/PrivateFrameworks/MediaConversionService.framework/Versions/A/MediaConversionService
0x00000001aeb11000 	/System/Library/PrivateFrameworks/PhotoFoundation.framework/Versions/A/PhotoFoundation
0x000000026ee39000 	/System/Library/PrivateFrameworks/PhotoLibraryServicesCore.framework/Versions/A/PhotoLibraryServicesCore
0x00000001c90da000 	/System/Library/PrivateFrameworks/MMCS.framework/Versions/A/MMCS
0x00000001acd91000 	/System/Library/PrivateFrameworks/ChunkingLibrary.framework/Versions/A/ChunkingLibrary
0x00000001a68db000 	/System/Library/PrivateFrameworks/AssetCacheServices.framework/Versions/A/AssetCacheServices
0x00000001a88d6000 	/System/Library/PrivateFrameworks/AVFoundationCF.framework/Versions/A/AVFoundationCF
0x00000001e766f000 	/usr/lib/swift/libswiftDemangle.dylib
0x000000025c8c8000 	/System/Library/PrivateFrameworks/ImageCaptureDevices.framework/Versions/A/ImageCaptureDevices
0x00000001bab06000 	/System/Library/PrivateFrameworks/MediaStream.framework/Versions/A/MediaStream
0x00000001cf99f000 	/System/Library/PrivateFrameworks/NeutrinoCore.framework/Versions/A/NeutrinoCore
0x0000000195b0c000 	/System/Library/PrivateFrameworks/NLP.framework/Versions/A/NLP
0x00000001d5a37000 	/System/Library/PrivateFrameworks/PhotoImaging.framework/Versions/A/PhotoImaging
0x00000001d6ca3000 	/System/Library/PrivateFrameworks/PhotosImagingFoundation.framework/Versions/A/PhotosImagingFoundation
0x000000026f9e6000 	/System/Library/PrivateFrameworks/PhotosIntelligenceCore.framework/Versions/A/PhotosIntelligenceCore
0x00000001a8d6e000 	/System/Library/PrivateFrameworks/EmbeddedAcousticRecognition.framework/Versions/A/EmbeddedAcousticRecognition
0x00000001c45bf000 	/System/Library/PrivateFrameworks/EmojiFoundation.framework/Versions/A/EmojiFoundation
0x00000001cd6ff000 	/System/Library/PrivateFrameworks/SDAPI.framework/Versions/A/SDAPI
0x0000000260632000 	/System/Library/PrivateFrameworks/IsolatedContextLogging.framework/Versions/A/IsolatedContextLogging
0x00000001d6cf1000 	/System/Library/PrivateFrameworks/AutoLoop.framework/Versions/A/AutoLoop
0x000000027060c000 	/System/Library/PrivateFrameworks/Portrait.framework/Versions/A/Portrait
0x00000002504a6000 	/System/Library/PrivateFrameworks/FusionTracker.framework/Versions/A/FusionTracker
0x00000001bd0b5000 	/System/Library/PrivateFrameworks/iTunesCloud.framework/Versions/A/iTunesCloud
0x00000001c64e8000 	/System/Library/PrivateFrameworks/DAAPKit.framework/Versions/A/DAAPKit
0x00000001b8254000 	/System/Library/PrivateFrameworks/DeviceManagement.framework/Versions/A/DeviceManagement
0x00000001dcd60000 	/System/Library/PrivateFrameworks/ScreenTimeUI.framework/Versions/A/ScreenTimeUI
0x00000001ba83b000 	/System/Library/PrivateFrameworks/QuickLookNonBaseSystem.framework/Versions/A/QuickLookNonBaseSystem
0x00000001bb05c000 	/System/Library/PrivateFrameworks/Catalyst.framework/Versions/A/Catalyst
0x00000001bca7f000 	/System/Library/PrivateFrameworks/ScreenTimeCore.framework/Versions/A/ScreenTimeCore
0x00000001d06a5000 	/System/Library/PrivateFrameworks/ScreenTimeServiceUI.framework/Versions/A/ScreenTimeServiceUI
0x00000001c926c000 	/System/Library/PrivateFrameworks/ConfigurationEngineModel.framework/Versions/A/ConfigurationEngineModel
0x00000001cc494000 	/System/Library/PrivateFrameworks/UsageTracking.framework/Versions/A/UsageTracking
0x0000000235542000 	/System/Library/Frameworks/DeviceActivity.framework/Versions/A/DeviceActivity
0x00000001cc463000 	/System/Library/PrivateFrameworks/KnowledgeMonitor.framework/Versions/A/KnowledgeMonitor
0x00000001e45a2000 	/System/Library/PrivateFrameworks/BluetoothManager.framework/Versions/A/BluetoothManager
0x0000000236bd2000 	/System/Library/Frameworks/ManagedSettings.framework/Versions/A/ManagedSettings
0x0000000265c47000 	/System/Library/PrivateFrameworks/ManagedSettingsSupport.framework/Versions/A/ManagedSettingsSupport
0x00000001e178a000 	/System/Library/Frameworks/ReplayKit.framework/Versions/A/ReplayKit
0x00000001aff77000 	/System/Library/PrivateFrameworks/MarkupUI.framework/Versions/A/MarkupUI
0x00000001ba812000 	/System/Library/PrivateFrameworks/SidecarCore.framework/Versions/A/SidecarCore
0x00000001bd4e6000 	/System/Library/PrivateFrameworks/AnnotationKit.framework/Versions/A/AnnotationKit
0x00000001bbb15000 	/System/Library/Frameworks/PencilKit.framework/Versions/A/PencilKit
0x00000001bbcd9000 	/System/Library/PrivateFrameworks/SidecarUI.framework/Versions/A/SidecarUI
0x00000001bb480000 	/System/Library/PrivateFrameworks/CoreHandwriting.framework/Versions/A/CoreHandwriting
0x000000018f6f6000 	/usr/lib/libmecabra.dylib
0x00000001b3c9f000 	/System/Library/PrivateFrameworks/Calculate.framework/Versions/A/Calculate
0x000000019f55d000 	/usr/lib/libChineseTokenizer.dylib
0x00000001f30e7000 	/System/Library/PrivateFrameworks/ScreenReaderCore.framework/Versions/A/ScreenReaderCore
0x000000027ec1d000 	/System/Library/PrivateFrameworks/StocksKit.framework/Versions/A/StocksKit
0x00000001b2c46000 	/System/Library/PrivateFrameworks/OAuth.framework/Versions/A/OAuth
0x000000027e913000 	/System/Library/PrivateFrameworks/StocksCore.framework/Versions/A/StocksCore
0x000000027fe24000 	/System/Library/PrivateFrameworks/TeaFoundation.framework/Versions/A/TeaFoundation
0x000000028000b000 	/System/Library/PrivateFrameworks/TeaSettings.framework/Versions/A/TeaSettings
0x00000001e8d8b000 	/System/Library/PrivateFrameworks/NewsCore.framework/Versions/A/NewsCore
0x000000027fdc1000 	/System/Library/PrivateFrameworks/TeaDB.framework/Versions/A/TeaDB
0x00000001e571a000 	/System/Library/PrivateFrameworks/RemoteConfiguration.framework/Versions/A/RemoteConfiguration
0x00000001e8972000 	/System/Library/PrivateFrameworks/NewsTransport.framework/Versions/A/NewsTransport
0x00000001e8d7b000 	/System/Library/PrivateFrameworks/NewsFoundation.framework/Versions/A/NewsFoundation
0x000000026b53a000 	/System/Library/PrivateFrameworks/NewsURLBucket.framework/Versions/A/NewsURLBucket
0x00000001bf1c5000 	/System/Library/PrivateFrameworks/MobileInstallation.framework/Versions/A/MobileInstallation
0x000000023c188000 	/System/Library/Frameworks/Translation.framework/Versions/A/Translation
0x00000001d86cc000 	/System/Library/PrivateFrameworks/RevealCore.framework/Versions/A/RevealCore
0x00000001d86c0000 	/System/Library/PrivateFrameworks/Reveal.framework/Versions/A/Reveal
0x00000001d0350000 	/System/Library/Frameworks/Speech.framework/Versions/A/Speech
0x000000023d67b000 	/System/Library/PrivateFrameworks/AIMLExperimentationAnalytics.framework/Versions/A/AIMLExperimentationAnalytics
0x000000023fb21000 	/System/Library/PrivateFrameworks/AlgorithmsInternal.framework/Versions/A/AlgorithmsInternal
0x000000028378d000 	/System/Library/PrivateFrameworks/TranslationUIServices.framework/Versions/A/TranslationUIServices
0x00000002824df000 	/System/Library/PrivateFrameworks/TipKitCore.framework/Versions/A/TipKitCore
0x00000001c4644000 	/System/Library/PrivateFrameworks/CoreCDPInternal.framework/Versions/A/CoreCDPInternal
0x000000025d0a2000 	/System/Library/PrivateFrameworks/InputAnalytics.framework/Versions/A/InputAnalytics
0x00000001ca2ed000 	/System/Library/Frameworks/InstantMessage.framework/Versions/A/InstantMessage
0x00000001c20fa000 	/System/Library/PrivateFrameworks/IDSKVStore.framework/Versions/A/IDSKVStore
0x00000001c1d9d000 	/System/Library/PrivateFrameworks/IMDPersistence.framework/Versions/A/IMDPersistence
0x0000000285713000 	/System/Library/PrivateFrameworks/UserSafety.framework/Versions/A/UserSafety
0x00000001e362c000 	/System/Library/PrivateFrameworks/BlastDoor.framework/Versions/A/BlastDoor
0x0000000261799000 	/System/Library/PrivateFrameworks/LinkPresentationStyleSheetParsing.framework/Versions/A/LinkPresentationStyleSheetParsing
0x00000002707cd000 	/System/Library/PrivateFrameworks/PosterFoundation.framework/Versions/A/PosterFoundation
0x000000027085b000 	/System/Library/PrivateFrameworks/PosterModel.framework/Versions/A/PosterModel
0x0000000270835000 	/System/Library/PrivateFrameworks/PosterFuturesKit.framework/Versions/A/PosterFuturesKit
0x000000024f800000 	/System/Library/PrivateFrameworks/FeedbackService.framework/Versions/A/FeedbackService
0x00000001baed9000 	/System/Library/PrivateFrameworks/CoreSDB.framework/Versions/A/CoreSDB
0x0000000242b64000 	/System/Library/PrivateFrameworks/AskToCore.framework/Versions/A/AskToCore
0x00000001dd5e2000 	/System/Library/PrivateFrameworks/MachineSettings.framework/Versions/A/MachineSettings
0x00000001cec9e000 	/System/Library/PrivateFrameworks/BezelServices.framework/Versions/A/BezelServices
0x00000001c6573000 	/System/Library/PrivateFrameworks/SPOwner.framework/Versions/A/SPOwner
0x00000001bee0d000 	/System/Library/PrivateFrameworks/FMCore.framework/Versions/A/FMCore
0x000000028c275000 	/System/Library/PrivateFrameworks/iCloudQuota.framework/Versions/A/iCloudQuota
0x00000001b360a000 	/System/Library/PrivateFrameworks/CoreRecognition.framework/Versions/A/CoreRecognition
0x00000001ced5e000 	/System/Library/PrivateFrameworks/InAppMessages.framework/Versions/A/InAppMessages
0x00000001f1c9a000 	/System/Library/PrivateFrameworks/JetUI.framework/Versions/A/JetUI
0x0000000260991000 	/System/Library/PrivateFrameworks/JetPack.framework/Versions/A/JetPack
0x00000001ced55000 	/System/Library/PrivateFrameworks/InAppMessagesCore.framework/Versions/A/InAppMessagesCore
0x000000028b68b000 	/System/Library/PrivateFrameworks/_JetEngine_SwiftUI.framework/Versions/A/_JetEngine_SwiftUI
0x000000027f8b7000 	/System/Library/PrivateFrameworks/Synapse.framework/Versions/A/Synapse
0x0000000244e0a000 	/System/Library/PrivateFrameworks/CSExattrCrypto.framework/Versions/A/CSExattrCrypto
0x00000001c0334000 	/System/Library/PrivateFrameworks/StoreFoundation.framework/Versions/A/StoreFoundation
0x00000001bee07000 	/System/Library/PrivateFrameworks/ServerInformation.framework/Versions/A/ServerInformation
0x00000001be81d000 	/System/Library/PrivateFrameworks/Install.framework/Frameworks/DistributionKit.framework/Versions/A/DistributionKit
0x00000001b7c8e000 	/System/Library/PrivateFrameworks/PackageKit.framework/Versions/A/PackageKit
0x00000001be840000 	/System/Library/PrivateFrameworks/OSPersonalization.framework/Versions/A/OSPersonalization
0x00000001c089a000 	/System/Library/PrivateFrameworks/BridgeOSSoftwareUpdate.framework/Versions/A/BridgeOSSoftwareUpdate
0x00000001bb37f000 	/System/Library/PrivateFrameworks/StorageManagement.framework/Versions/A/StorageManagement
0x00000001d01d0000 	/usr/lib/libauthinstall.dylib
0x00000001c08a3000 	/System/Library/PrivateFrameworks/InstallerDiagnostics.framework/Versions/A/InstallerDiagnostics
0x00000001d088c000 	/usr/lib/libcrypto.42.dylib
0x0000000292dfe000 	/usr/lib/updaters/libAppleTconUARPUpdater.dylib
0x0000000292f93000 	/usr/lib/updaters/libT200Updater.dylib
0x00000001c0888000 	/System/Library/PrivateFrameworks/GPUInfo.framework/Versions/A/GPUInfo
0x00000001cee5b000 	/System/Library/PrivateFrameworks/MobileActivationMacOS.framework/Versions/A/MobileActivationMacOS
0x00000001b2b8b000 	/System/Library/PrivateFrameworks/AccountsDaemon.framework/Versions/A/AccountsDaemon
0x00000001c08e6000 	/System/Library/PrivateFrameworks/AOSKit.framework/Versions/A/AOSKit
0x000000019f68c000 	/System/Library/PrivateFrameworks/AppSSOCore.framework/Versions/A/AppSSOCore
0x00000002435b0000 	/System/Library/PrivateFrameworks/BackgroundSystemTasks.framework/Versions/A/BackgroundSystemTasks
0x00000001ab318000 	/System/Library/PrivateFrameworks/DuetActivityScheduler.framework/Versions/A/DuetActivityScheduler
0x00000001cd3b0000 	/System/Library/PrivateFrameworks/NetworkServiceProxy.framework/Versions/A/NetworkServiceProxy
0x00000001a6567000 	/usr/lib/libnetworkextension.dylib
0x000000027f5d9000 	/System/Library/PrivateFrameworks/Symptoms.framework/Versions/A/Frameworks/SymptomAnalytics.framework/Versions/A/SymptomAnalytics
0x00000001a309f000 	/System/Library/Frameworks/NetworkExtension.framework/Versions/A/NetworkExtension
0x00000001a9a34000 	/System/Library/PrivateFrameworks/CoreDuetContext.framework/Versions/A/CoreDuetContext
0x0000000194160000 	/System/Library/PrivateFrameworks/CoreDuet.framework/Versions/A/CoreDuet
0x00000001ae84b000 	/System/Library/PrivateFrameworks/AssistantServices.framework/Versions/A/AssistantServices
0x00000001a8a19000 	/System/Library/PrivateFrameworks/SAObjects.framework/Versions/A/SAObjects
0x00000001ae432000 	/System/Library/PrivateFrameworks/MediaRemote.framework/Versions/A/MediaRemote
0x000000027c147000 	/System/Library/PrivateFrameworks/SiriTTSService.framework/Versions/A/SiriTTSService
0x0000000276843000 	/System/Library/PrivateFrameworks/SiriCrossDeviceArbitration.framework/Versions/A/SiriCrossDeviceArbitration
0x000000024f38a000 	/System/Library/PrivateFrameworks/FaceTimeNameUtility.framework/Versions/A/FaceTimeNameUtility
0x0000000276897000 	/System/Library/PrivateFrameworks/SiriCrossDeviceArbitrationFeedback.framework/Versions/A/SiriCrossDeviceArbitrationFeedback
0x00000001cf6e3000 	/System/Library/PrivateFrameworks/UIKitServices.framework/Versions/A/UIKitServices
0x00000001b341a000 	/System/Library/PrivateFrameworks/MediaServices.framework/Versions/A/MediaServices
0x000000019fad5000 	/System/Library/PrivateFrameworks/PersistentConnection.framework/Versions/A/PersistentConnection
0x000000027da2a000 	/System/Library/PrivateFrameworks/SonicFoundation.framework/Versions/A/SonicFoundation
0x00000001c2dfa000 	/usr/lib/libtailspin.dylib
0x00000001d6e03000 	/System/Library/PrivateFrameworks/Osprey.framework/Versions/A/Osprey
0x000000027b7c7000 	/System/Library/PrivateFrameworks/SiriTTS.framework/Versions/A/SiriTTS
0x000000027a387000 	/System/Library/PrivateFrameworks/SiriPowerInstrumentation.framework/Versions/A/SiriPowerInstrumentation
0x000000027fdbf000 	/System/Library/PrivateFrameworks/TailspinSymbolication.framework/Versions/A/TailspinSymbolication
0x000000024d6e0000 	/System/Library/PrivateFrameworks/Darwinup.framework/Versions/A/Darwinup
0x00000001cf4ec000 	/System/Library/PrivateFrameworks/SignpostSupport.framework/Versions/A/SignpostSupport
0x00000001bae66000 	/System/Library/PrivateFrameworks/FeatureFlagsSupport.framework/Versions/A/FeatureFlagsSupport
0x00000001cebac000 	/System/Library/PrivateFrameworks/ktrace.framework/Versions/A/ktrace
0x00000001cf71b000 	/System/Library/PrivateFrameworks/SampleAnalysis.framework/Versions/A/SampleAnalysis
0x00000001d869a000 	/System/Library/PrivateFrameworks/kperfdata.framework/Versions/A/kperfdata
0x00000001a42c0000 	/usr/lib/libdscsym.dylib
0x00000001d8b6f000 	/System/Library/PrivateFrameworks/BulkSymbolication.framework/Versions/A/BulkSymbolication
0x00000001ac466000 	/System/Library/PrivateFrameworks/CoreDuetDaemonProtocol.framework/Versions/A/CoreDuetDaemonProtocol
0x00000001c01b5000 	/System/Library/PrivateFrameworks/CaptiveNetwork.framework/Versions/A/CaptiveNetwork
0x00000001aa85f000 	/System/Library/PrivateFrameworks/EAP8021X.framework/Versions/A/EAP8021X
0x000000024d4a6000 	/System/Library/PrivateFrameworks/CryptoKitPrivate.framework/Versions/A/CryptoKitPrivate
0x00000001ba434000 	/System/Library/PrivateFrameworks/FindMyDevice.framework/Versions/A/FindMyDevice
0x00000001af04d000 	/System/Library/PrivateFrameworks/FMCoreLite.framework/Versions/A/FMCoreLite
0x000000019d184000 	/System/Library/Frameworks/ServiceManagement.framework/Versions/A/ServiceManagement
0x00000001266d4000 	/Users/eliassanchez/.gradle/jdks/eclipse_adoptium-17-aarch64-os_x.2/jdk-17.0.19+10/Contents/Home/lib/libverify.dylib
0x000000012829c000 	/private/var/folders/68/vqc40nz5669f_mzc2dyrz03c0000gn/T/sqlite-3.45.3.0-bf757f3d-937a-46e3-bbfd-0409e6fc17fb-libsqlitejdbc.dylib
0x00000001266f0000 	/Users/eliassanchez/.gradle/jdks/eclipse_adoptium-17-aarch64-os_x.2/jdk-17.0.19+10/Contents/Home/lib/libmanagement.dylib
0x0000000128190000 	/Users/eliassanchez/.gradle/jdks/eclipse_adoptium-17-aarch64-os_x.2/jdk-17.0.19+10/Contents/Home/lib/libmanagement_ext.dylib
0x00000001281a4000 	/Users/eliassanchez/.openjfx/cache/17.0.10/libjavafx_font.dylib
0x00000002805d9000 	/System/Library/PrivateFrameworks/TextInputUI.framework/Versions/A/TextInputUI
0x000000028060f000 	/System/Library/PrivateFrameworks/TextInputUIMacHelper.framework/Versions/A/TextInputUIMacHelper
0x00000001c5338000 	/System/Library/PrivateFrameworks/SafariPlatformSupport.framework/Versions/A/SafariPlatformSupport
0x00000001c5348000 	/System/Library/CoreServices/RawCamera.bundle/Contents/MacOS/RawCamera


VM Arguments:
jvm_args: -XX:TieredStopAtLevel=1 -Dfile.encoding=UTF-8 -Duser.country=MX -Duser.language=es -Duser.variant 
java_command: me.eliassanchezfernandez.puntodeventa.Launcher
java_class_path (initial): /Users/eliassanchez/Desarrollo/GitHub/Punto-Ventas/Punto-Ventas/build/classes/java/main:/Users/eliassanchez/Desarrollo/GitHub/Punto-Ventas/Punto-Ventas/build/resources/main:/Users/eliassanchez/.gradle/caches/modules-2/files-2.1/org.hibernate.orm/hibernate-community-dialects/6.4.4.Final/29ba003a437a39be9ee4e3b41bac0f53fc02a55/hibernate-community-dialects-6.4.4.Final.jar:/Users/eliassanchez/.gradle/caches/modules-2/files-2.1/io.github.mkpaz/atlantafx-base/2.0.1/51d2bfa35150921fe5b8b5e3c1a1bf78a6d57684/atlantafx-base-2.0.1.jar:/Users/eliassanchez/.gradle/caches/modules-2/files-2.1/org.apache.commons/commons-lang3/3.14.0/1ed471194b02f2c6cb734a0cd6f6f107c673afae/commons-lang3-3.14.0.jar:/Users/eliassanchez/.gradle/caches/modules-2/files-2.1/net.sf.jasperreports/jasperreports/6.21.3/c3908e720caeceab9e6b55e00ae8eda173bace11/jasperreports-6.21.3.jar:/Users/eliassanchez/.gradle/caches/modules-2/files-2.1/org.springframework.security/spring-security-config/6.2.4/ef1f16ce7900f602826b985f15b67bbe60015a08/spring-security-config-6.2.4.jar:/Users/eliassanchez/.gradle/caches/modules-2/files-2.1/org.springframework.security/spring-security-web/6.2.4/b4a436865cf6483e088c986432f44d9e90bab6a3/spring-security-web-6.2.4.jar:/Users/eliassanchez/.gradle/caches/modules-2/files-2.1/org.springframework.security/spring-security-core/6.2.4/b1bb9c66df67cd6ecc5548dec8b37341cef11a80/spring-security-core-6.2.4.jar:/Users/eliassanchez/.gradle/caches/modules-2/files-2.1/org.springframework.security/spring-security-crypto/6.2.4/9583253c66bafe7cbf0f082d069b08675331ce78/spring-security-crypto-6.2.4.jar:/Users/eliassanchez/.gradle/caches/modules-2/files-2.1/org.openjfx/javafx-fxml/17.0.10/83506390625020c973f679562a17410a759590c/javafx-fxml-17.0.10-mac-aarch64.jar:/Users/eliassanchez/.gradle/caches/modules-2/files-2.1/org.openjfx/javafx-controls/17.0.10/be8c03acafcddfc72b3d1d3d4955202cfc19f1a4/javafx-controls-17.0.10-mac-aarch64.jar:/Users/eliassanchez/.gradle/caches/modules-2
Launcher Type: SUN_STANDARD

[Global flags]
     intx CICompilerCount                          = 4                                         {product} {ergonomic}
     uint ConcGCThreads                            = 2                                         {product} {ergonomic}
     uint G1ConcRefinementThreads                  = 8                                         {product} {ergonomic}
   size_t G1HeapRegionSize                         = 1048576                                   {product} {ergonomic}
    uintx GCDrainStackTargetSize                   = 64                                        {product} {ergonomic}
   size_t InitialHeapSize                          = 134217728                                 {product} {ergonomic}
   size_t MarkStackSize                            = 4194304                                   {product} {ergonomic}
   size_t MaxHeapSize                              = 2147483648                                {product} {ergonomic}
   size_t MaxNewSize                               = 1287651328                                {product} {ergonomic}
   size_t MinHeapDeltaBytes                        = 1048576                                   {product} {ergonomic}
   size_t MinHeapSize                              = 8388608                                   {product} {ergonomic}
    uintx NonProfiledCodeHeapSize                  = 0                                      {pd product} {ergonomic}
     bool ProfileInterpreter                       = false                                  {pd product} {command line}
    uintx ProfiledCodeHeapSize                     = 0                                      {pd product} {ergonomic}
   size_t SoftMaxHeapSize                          = 2147483648                             {manageable} {ergonomic}
     intx TieredStopAtLevel                        = 1                                         {product} {command line}
     bool UseCompressedClassPointers               = true                           {product lp64_product} {ergonomic}
     bool UseCompressedOops                        = true                           {product lp64_product} {ergonomic}
     bool UseG1GC                                  = true                                      {product} {ergonomic}
     bool UseNUMA                                  = false                                     {product} {ergonomic}
     bool UseNUMAInterleaving                      = false                                     {product} {ergonomic}

Logging:
Log output configuration:
 #0: stdout all=warning uptime,level,tags
 #1: stderr all=off uptime,level,tags

Environment Variables:
PATH=/Users/eliassanchez/Desarrollo/Recursos/flutter/bin:/opt/homebrew/bin:/opt/homebrew/sbin:/Users/eliassanchez/Library/Application Support/Code/User/globalStorage/github.copilot-chat/debugCommand:/Users/eliassanchez/Library/Application Support/Code/User/globalStorage/github.copilot-chat/copilotCli:/Library/Frameworks/Python.framework/Versions/3.14/bin:/Users/eliassanchez/Desarrollo/Recursos/flutter/bin:/usr/local/bin:/System/Cryptexes/App/usr/bin:/usr/bin:/bin:/usr/sbin:/sbin:/var/run/com.apple.security.cryptexd/codex.system/bootstrap/usr/local/bin:/var/run/com.apple.security.cryptexd/codex.system/bootstrap/usr/bin:/var/run/com.apple.security.cryptexd/codex.system/bootstrap/usr/appleinternal/bin:/pkg/env/global/bin:/Library/Apple/usr/bin:/Users/eliassanchez/Desarrollo /Flutter/flutter/bin:/Users/eliassanchez/.vscode/extensions/vscjava.vscode-java-debug-0.59.0/bundled/scripts/noConfigScripts
SHELL=/bin/zsh
LANG=es_MX.UTF-8
TERM=xterm-256color
TMPDIR=/var/folders/68/vqc40nz5669f_mzc2dyrz03c0000gn/T/

Active Locale:
LC_ALL=es_MX.UTF-8
LC_COLLATE=es_MX.UTF-8
LC_CTYPE=es_MX.UTF-8
LC_MESSAGES=es_MX.UTF-8
LC_MONETARY=es_MX.UTF-8
LC_NUMERIC=es_MX.UTF-8
LC_TIME=es_MX.UTF-8

Signal Handlers:
   SIGSEGV: crash_handler in libjvm.dylib, mask=11100110000111110111111111111111, flags=SA_RESTART|SA_SIGINFO, unblocked
    SIGBUS: crash_handler in libjvm.dylib, mask=11100110000111110111111111111111, flags=SA_RESTART|SA_SIGINFO, unblocked
    SIGFPE: crash_handler in libjvm.dylib, mask=11100110000111110111111111111111, flags=SA_RESTART|SA_SIGINFO, unblocked
   SIGPIPE: javaSignalHandler in libjvm.dylib, mask=11100110000111110111111111111111, flags=SA_RESTART|SA_SIGINFO, blocked
   SIGXFSZ: javaSignalHandler in libjvm.dylib, mask=11100110000111110111111111111111, flags=SA_RESTART|SA_SIGINFO, blocked
    SIGILL: crash_handler in libjvm.dylib, mask=11100110000111110111111111111111, flags=SA_RESTART|SA_SIGINFO, unblocked
   SIGUSR2: SR_handler in libjvm.dylib, mask=00000000000000000000000000000000, flags=SA_RESTART|SA_SIGINFO, blocked
    SIGHUP: UserHandler in libjvm.dylib, mask=11100110000111110111111111111111, flags=SA_RESTART|SA_SIGINFO, blocked
    SIGINT: UserHandler in libjvm.dylib, mask=11100110000111110111111111111111, flags=SA_RESTART|SA_SIGINFO, blocked
   SIGTERM: UserHandler in libjvm.dylib, mask=11100110000111110111111111111111, flags=SA_RESTART|SA_SIGINFO, blocked
   SIGQUIT: UserHandler in libjvm.dylib, mask=11100110000111110111111111111111, flags=SA_RESTART|SA_SIGINFO, blocked
   SIGTRAP: crash_handler in libjvm.dylib, mask=11100110000111110111111111111111, flags=SA_RESTART|SA_SIGINFO, unblocked


Periodic native trim disabled


---------------  S Y S T E M  ---------------

OS:
uname: Darwin 25.5.0 Darwin Kernel Version 25.5.0: Mon Apr 27 20:38:00 PDT 2026; root:xnu-12377.121.6~2/RELEASE_ARM64_T8103 arm64
OS uptime: 1 days 17:56 hours
rlimit (soft/hard): STACK 8176k/65520k , CORE 0k/infinity , NPROC 1333/2000 , NOFILE 1048576/infinity , AS infinity/infinity , CPU infinity/infinity , DATA infinity/infinity , FSIZE infinity/infinity , MEMLOCK infinity/infinity , RSS infinity/infinity
load average: 2.76 3.10 3.44

CPU: total 8 (initial active 8) 0x61:0x0:0x1b588bb3:0, fp, simd, crc, lse
machdep.cpu.brand_string:Apple M1
hw.cachelinesize:128
hw.l1icachesize:131072
hw.l1dcachesize:65536
hw.l2cachesize:4194304

Memory: 16k page, physical 8388608k(138240k free), swap 8388608k(666688k free)

vm_info: OpenJDK 64-Bit Server VM (17.0.19+10) for bsd-aarch64 JRE (17.0.19+10), built on Apr 21 2026 00:00:00 by "admin" with clang Apple LLVM 15.0.0 (clang-1500.1.0.2.5)

END.
